﻿<?xml version="1.0" encoding="utf-8"?>
<NPCCharacters>
	<NPCCharacter
		id="huskarl_swordsman"
		default_group="Infantry"
		level="26"
		name="{=jFQPRvLg}Huskarl Swordsman"
		occupation="Soldier"
		culture="Culture.sturgia"
		is_hidden_encyclopedia="true"
		is_obsolete="true">
		<face>
			<face_key_template
				value="BodyProperty.fighter_sturgia" />
		</face>
		<skills></skills>
		<Traits></Traits>
		<upgrade_targets></upgrade_targets>
		<Equipments>
			<EquipmentRoster>
				<equipment
					slot="Item0"
					id="Item.sturgia_sword_4_t4" />
				<equipment
					slot="Item1"
					id="Item.viking_round_shield" />
				<equipment
					slot="Item2"
					id="Item.western_javelin_1_t2" />
				<equipment
					slot="Head"
					id="Item.goggled_helmet_over_full_mail" />
				<equipment
					slot="Body"
					id="Item.northern_coat_of_plates" />
				<equipment
					slot="Leg"
					id="Item.strapped_mail_chausses" />
				<equipment
					slot="Gloves"
					id="Item.northern_brass_bracers" />
				<equipment
					slot="Cape"
					id="Item.bearskin" />
			</EquipmentRoster>
			<EquipmentRoster>
				<equipment
					slot="Item0"
					id="Item.sturgia_sword_5_t4" />
				<equipment
					slot="Item1"
					id="Item.bound_horsemans_kite_shield" />
				<equipment
					slot="Head"
					id="Item.lendman_helmet_over_mail" />
				<equipment
					slot="Body"
					id="Item.nordic_lamellar_vest" />
				<equipment
					slot="Leg"
					id="Item.northern_plated_boots" />
				<equipment
					slot="Gloves"
					id="Item.northern_plated_gloves" />
			</EquipmentRoster>
			<EquipmentSet
				id="sturgia_troop_civilian_template_t2"
				civilian="true" />
		</Equipments>
	</NPCCharacter>
	<!-- #region Tournament Characters -->
	<NPCCharacter
		id="xerina"
		default_group="Infantry"
		is_female="true"
		is_hero="false"
		name="{=DNTUqbGo}Xerina"
		occupation="Townsfolk"
		culture="Culture.empire"
		skill_template="SkillSet.infantry_heavyinfantry_level26_template_skills"
		is_hidden_encyclopedia="true"
		is_obsolete="true">
		<face>
			<!--face_key value="000c7578803c10046f90bc00b2977887957995866795a3633a86ffff29ab7b4a00088275040f1018000000000000000000000000000000000000000001f84040" /-->
			<BodyProperties
				version="4"
				age="32.64"
				weight="0"
				build="0.4547"
				key="000B7408803C10046F90BC00B2977887957995866795A3633A86FFFF29AB7B4A00070274070F1018000000000000000000000000000000000000000000F04040" />
			<BodyPropertiesMax
				version="4"
				age="32.64"
				weight="0"
				build="0.4547"
				key="000B7408803C10046F90BC00B2977887957995866795A3633A86FFFF29AB7B4A00070274070F1018000000000000000000000000000000000000000000F04040" />
		</face>
		<skills>
			<skill
				id="Riding"
				value="40" />
		</skills>
		<Traits></Traits>
		<Equipments>
			<EquipmentRoster>
				<equipment
					slot="Item0"
					id="Item.triangluar_spear_t3" />
			</EquipmentRoster>
			<EquipmentRoster>
				<equipment
					slot="Item0"
					id="Item.short_sword_t3" />
			</EquipmentRoster>
			<EquipmentRoster>
				<equipment
					slot="Item0"
					id="Item.short_sword_t3" />
			</EquipmentRoster>
			<EquipmentSet
				id="empire_troop_civilian_template_t1"
				civilian="true" />
			<equipment
				slot="Leg"
				id="Item.strapped_shoes" />
			<equipment
				slot="Body"
				id="Item.battania_woodland_chainmail" />
		</Equipments>
	</NPCCharacter>
	<NPCCharacter
		id="kradus"
		default_group="Infantry"
		is_hero="false"
		level="26"
		name="{=9GIK6fnm}Kradus"
		occupation="Townsfolk"
		culture="Culture.empire"
		skill_template="SkillSet.infantry_heavyinfantry_level26_template_skills"
		is_hidden_encyclopedia="true"
		is_obsolete="true">
		<face>
			<!--face_key value="00009971400015c10e70663a857cf4576138aeeb3588ca07a6cb1f8ed1b8b86f0006ca750677759b000000000000000000000000000000000000000000f82140" /-->
			<BodyProperties
				version="4"
				age="39.85"
				weight="0.2904"
				build="0.2993"
				key="00009801400015C10E70663A8574F4576138AEEB3588CA07A6CB1F8ED1B8B86F00044A750477759B000000000000000000000000000000000000000000F02140" />
			<BodyPropertiesMax
				version="4"
				age="39.85"
				weight="0.2904"
				build="0.2993"
				key="00009801400015C10E70663A8574F4576138AEEB3588CA07A6CB1F8ED1B8B86F00044A750477759B000000000000000000000000000000000000000000F02140" />
		</face>
		<skills>
			<skill
				id="Riding"
				value="40" />
		</skills>
		<Traits></Traits>
		<Equipments>
			<EquipmentRoster>
				<equipment
					slot="Item0"
					id="Item.western_spear_3_t3" />
			</EquipmentRoster>
			<EquipmentRoster>
				<equipment
					slot="Item0"
					id="Item.empire_sword_4_t4" />
			</EquipmentRoster>
			<EquipmentRoster>
				<equipment
					slot="Item0"
					id="Item.short_sword_t3" />
			</EquipmentRoster>
			<EquipmentSet
				id="empire_troop_civilian_template_t1"
				civilian="true" />
			<equipment
				slot="Leg"
				id="Item.strapped_shoes" />
			<equipment
				slot="Body"
				id="Item.battania_woodland_chainmail" />
		</Equipments>
	</NPCCharacter>
	<NPCCharacter
		id="dranton"
		default_group="Infantry"
		is_hero="false"
		level="26"
		name="{=BbTpfJ7G}Dranton"
		occupation="Townsfolk"
		culture="Culture.empire"
		skill_template="SkillSet.infantry_heavyinfantry_level26_template_skills"
		is_hidden_encyclopedia="true"
		is_obsolete="true">
		<face>
			<!--face_key value="0000fe8e40003004eee7891d3d909c8635f7f10edf0689fd00ee70f0ccb839ba000b000a0ff800f0000000000000000000000000000000000000000001f80000" /-->
			<BodyProperties
				version="4"
				age="26.53"
				weight="0.2149"
				build="0.2993"
				key="0000FC0E40003004EEE7891D3D939C8635F7F10EDF0689FD00EE70F0CCB839BA000430030FF800F0000000000000000000000000000000000000000000F00000" />
			<BodyPropertiesMax
				version="4"
				age="26.53"
				weight="0.2149"
				build="0.2993"
				key="0000FC0E40003004EEE7891D3D939C8635F7F10EDF0689FD00EE70F0CCB839BA000430030FF800F0000000000000000000000000000000000000000000F00000" />
		</face>
		<skills>
			<skill
				id="Riding"
				value="40" />
		</skills>
		<Traits></Traits>
		<Equipments>
			<EquipmentRoster>
				<equipment
					slot="Item0"
					id="Item.western_spear_3_t3" />
			</EquipmentRoster>
			<EquipmentRoster>
				<equipment
					slot="Item0"
					id="Item.empire_sword_4_t4" />
			</EquipmentRoster>
			<EquipmentRoster>
				<equipment
					slot="Item0"
					id="Item.short_sword_t3" />
			</EquipmentRoster>
			<EquipmentSet
				id="empire_troop_civilian_template_t1"
				civilian="true" />
			<equipment
				slot="Leg"
				id="Item.strapped_shoes" />
			<equipment
				slot="Body"
				id="Item.battania_woodland_chainmail" />
		</Equipments>
	</NPCCharacter>
	<NPCCharacter
		id="regular_fighter"
		default_group="Infantry"
		is_hero="false"
		level="11"
		name="{=!}Regular Fighter"
		occupation="Soldier"
		culture="Culture.empire"
		skill_template="SkillSet.infantry_heavyinfantry_level11_template_skills"
		is_hidden_encyclopedia="true"
		is_obsolete="true">
		<face>
			<face_key_template
				value="BodyProperty.fighter_empire" />
		</face>
		<skills>
			<skill
				id="Bow"
				value="300" />
		</skills>
		<Traits></Traits>
		<Equipments>
			<EquipmentRoster>
				<equipment
					slot="Item0"
					id="Item.short_sword_t3" />
				<equipment
					slot="Leg"
					id="Item.strapped_shoes" />
				<equipment
					slot="Body"
					id="Item.battania_woodland_outfit" />
			</EquipmentRoster>
			<EquipmentSet
				id="empire_troop_civilian_template_t1"
				civilian="true" />
		</Equipments>
	</NPCCharacter>
	<NPCCharacter
		id="veteran_fighter"
		default_group="Infantry"
		is_hero="false"
		level="16"
		name="{=Za4B0blc}Veteran Fighter"
		occupation="Soldier"
		culture="Culture.empire"
		skill_template="SkillSet.infantry_heavyinfantry_level16_template_skills"
		is_hidden_encyclopedia="true"
		is_obsolete="true">
		<face>
			<face_key_template
				value="BodyProperty.fighter_empire" />
		</face>
		<skills>
			<skill
				id="Bow"
				value="300" />
		</skills>
		<Traits></Traits>
		<Equipments>
			<EquipmentRoster>
				<equipment
					slot="Item0"
					id="Item.short_sword_t3" />
				<equipment
					slot="Leg"
					id="Item.strapped_shoes" />
				<equipment
					slot="Body"
					id="Item.eastern_studded_leather" />
			</EquipmentRoster>
			<EquipmentSet
				id="empire_troop_civilian_template_t1"
				civilian="true" />
		</Equipments>
	</NPCCharacter>
	<NPCCharacter
		id="champion_fighter"
		default_group="Infantry"
		is_hero="false"
		level="21"
		name="{=z4Ke6pJl}Champion Fighter"
		occupation="Soldier"
		culture="Culture.empire"
		skill_template="SkillSet.infantry_heavyinfantry_level21_template_skills"
		is_hidden_encyclopedia="true"
		is_obsolete="true">
		<face>
			<face_key_template
				value="BodyProperty.fighter_empire" />
		</face>
		<skills>
			<skill
				id="Bow"
				value="300" />
		</skills>
		<Traits></Traits>
		<Equipments>
			<EquipmentRoster>
				<equipment
					slot="Item0"
					id="Item.short_sword_t3" />
				<equipment
					slot="Leg"
					id="Item.strapped_shoes" />
				<equipment
					slot="Body"
					id="Item.eastern_studded_leather" />
			</EquipmentRoster>
			<EquipmentSet
				id="empire_troop_civilian_template_t1"
				civilian="true" />
		</Equipments>
	</NPCCharacter>
	<NPCCharacter
		id="sword_sister"
		default_group="Infantry"
		is_female="true"
		is_hero="false"
		level="21"
		name="{=ZK0GXYCx}Sword Sister"
		occupation="Soldier"
		culture="Culture.empire"
		skill_template="SkillSet.infantry_heavyinfantry_level21_template_skills"
		is_hidden_encyclopedia="true"
		is_obsolete="true">
		<face>
			<face_key_template
				value="BodyProperty.villager_empire" />
		</face>
		<skills>
			<skill
				id="Bow"
				value="300" />
		</skills>
		<Traits></Traits>
		<Equipments>
			<EquipmentRoster>
				<equipment
					slot="Item0"
					id="Item.short_sword_t3" />
				<equipment
					slot="Leg"
					id="Item.strapped_shoes" />
				<equipment
					slot="Body"
					id="Item.eastern_studded_leather" />
			</EquipmentRoster>
			<EquipmentSet
				id="empire_troop_civilian_template_t1"
				civilian="true" />
		</Equipments>
	</NPCCharacter>
	<!--Tournament fight event weapon and gear sets-->
	<NPCCharacter
		id="weapon_dummy_one_handed"
		default_group="Infantry"
		is_hero="false"
		occupation="Special"
		culture="Culture.khuzait"
		name="{=!}Empire Weapon Dummy"
		skill_template="SkillSet.infantry_heavyinfantry_level1_template_skills"
		is_obsolete="true">
		<face>
			<face_key_template
				value="BodyProperty.guard" />
		</face>
		<skills></skills>
		<Traits></Traits>
		<Equipments>
			<EquipmentRoster>
				<equipment
					slot="Item0"
					id="Item.simple_back_sword_t2" />
				<equipment
					slot="Item1"
					id="Item.leather_bound_kite_shield" />
			</EquipmentRoster>
			<EquipmentSet
				id="npc_wanderer_equipment_template_khuzait"
				civilian="true" />
		</Equipments>
	</NPCCharacter>
	<NPCCharacter
		id="weapon_dummy_two_handed"
		default_group="Infantry"
		is_hero="false"
		occupation="Special"
		culture="Culture.khuzait"
		name="{=!}Empire Weapon Dummy"
		skill_template="SkillSet.infantry_heavyinfantry_level1_template_skills"
		is_obsolete="true">
		<face>
			<face_key_template
				value="BodyProperty.guard" />
		</face>
		<skills></skills>
		<Traits></Traits>
		<Equipments>
			<EquipmentRoster>
				<equipment
					slot="Item0"
					id="Item.simple_back_sword_t2" />
			</EquipmentRoster>
			<EquipmentSet
				id="npc_wanderer_equipment_template_khuzait"
				civilian="true" />
		</Equipments>
	</NPCCharacter>
	<NPCCharacter
		id="weapon_dummy_archer"
		default_group="Infantry"
		is_hero="false"
		occupation="Special"
		culture="Culture.khuzait"
		name="{=!}Empire Weapon Dummy"
		skill_template="SkillSet.infantry_heavyinfantry_level1_template_skills"
		is_obsolete="true">
		<face>
			<face_key_template
				value="BodyProperty.guard" />
		</face>
		<skills></skills>
		<Traits></Traits>
		<Equipments>
			<EquipmentRoster>
				<equipment
					slot="Item0"
					id="Item.hunting_bow" />
				<equipment
					slot="Item1"
					id="Item.blunt_arrows" />
				<equipment
					slot="Item2"
					id="Item.simple_back_sword_t2" />
			</EquipmentRoster>
			<EquipmentSet
				id="npc_wanderer_equipment_template_khuzait"
				civilian="true" />
		</Equipments>
	</NPCCharacter>
	<NPCCharacter
		id="weapon_dummy_crossbowman"
		default_group="Infantry"
		is_hero="false"
		occupation="Special"
		culture="Culture.khuzait"
		name="{=!}Empire Weapon Dummy"
		skill_template="SkillSet.infantry_heavyinfantry_level1_template_skills"
		is_obsolete="true">
		<face>
			<face_key_template
				value="BodyProperty.guard" />
		</face>
		<skills></skills>
		<Traits></Traits>
		<Equipments>
			<EquipmentRoster>
				<equipment
					slot="Item0"
					id="Item.crossbow_a" />
				<equipment
					slot="Item1"
					id="Item.bolt_a" />
				<equipment
					slot="Item2"
					id="Item.simple_back_sword_t2" />
			</EquipmentRoster>
			<EquipmentSet
				id="npc_wanderer_equipment_template_khuzait"
				civilian="true" />
		</Equipments>
	</NPCCharacter>
	<NPCCharacter
		id="weapon_dummy_horseman"
		default_group="Infantry"
		is_hero="false"
		occupation="Special"
		culture="Culture.khuzait"
		name="{=!}Empire Weapon Dummy"
		skill_template="SkillSet.infantry_heavyinfantry_level1_template_skills"
		is_obsolete="true">
		<face>
			<face_key_template
				value="BodyProperty.guard" />
		</face>
		<skills></skills>
		<Traits></Traits>
		<Equipments>
			<EquipmentRoster>
				<equipment
					slot="Item0"
					id="Item.khuzait_sword_1_t2" />
				<equipment
					slot="Item1"
					id="Item.leather_bound_kite_shield" />
				<equipment
					slot="Horse"
					id="Item.vlandia_horse" />
				<equipment
					slot="HorseHarness"
					id="Item.northern_noble_harness" />
			</EquipmentRoster>
			<EquipmentSet
				id="npc_wanderer_equipment_template_khuzait"
				civilian="true" />
		</Equipments>
	</NPCCharacter>
	<NPCCharacter
		id="weapon_dummy_lancer"
		default_group="Infantry"
		is_hero="false"
		occupation="Special"
		culture="Culture.khuzait"
		name="{=!}Empire Weapon Dummy"
		skill_template="SkillSet.infantry_heavyinfantry_level1_template_skills"
		is_obsolete="true">
		<face>
			<face_key_template
				value="BodyProperty.guard" />
		</face>
		<skills></skills>
		<Traits></Traits>
		<Equipments>
			<EquipmentRoster>
				<equipment
					slot="Item0"
					id="Item.khuzait_lance_1_t3" />
				<equipment
					slot="Item1"
					id="Item.leather_bound_kite_shield" />
				<equipment
					slot="Item2"
					id="Item.khuzait_sword_1_t2" />
				<equipment
					slot="Horse"
					id="Item.sumpter_horse" />
				<equipment
					slot="HorseHarness"
					id="Item.northern_noble_harness" />
			</EquipmentRoster>
			<EquipmentSet
				id="npc_wanderer_equipment_template_khuzait"
				civilian="true" />
		</Equipments>
	</NPCCharacter>
	<NPCCharacter
		id="weapon_dummy_horse_archer"
		default_group="Infantry"
		is_hero="false"
		occupation="Special"
		culture="Culture.khuzait"
		name="{=!}Empire Weapon Dummy"
		skill_template="SkillSet.infantry_heavyinfantry_level1_template_skills"
		is_obsolete="true">
		<face>
			<face_key_template
				value="BodyProperty.guard" />
		</face>
		<skills></skills>
		<Traits></Traits>
		<Equipments>
			<EquipmentRoster>
				<equipment
					slot="Item0"
					id="Item.mountain_hunting_bow" />
				<equipment
					slot="Item1"
					id="Item.blunt_arrows" />
				<equipment
					slot="Item2"
					id="Item.khuzait_sword_1_t2" />
				<equipment
					slot="Horse"
					id="Item.vlandia_horse" />
				<equipment
					slot="HorseHarness"
					id="Item.northern_noble_harness" />
			</EquipmentRoster>
			<EquipmentSet
				id="npc_wanderer_equipment_template_khuzait"
				civilian="true" />
		</Equipments>
	</NPCCharacter>
	<NPCCharacter
		id="gear_dummy_empire"
		default_group="Infantry"
		is_hero="false"
		occupation="Special"
		culture="Culture.khuzait"
		name="{=!}Empire Gear Dummy"
		skill_template="SkillSet.infantry_heavyinfantry_level1_template_skills"
		is_obsolete="true">
		<face>
			<face_key_template
				value="BodyProperty.guard" />
		</face>
		<skills></skills>
		<Traits></Traits>
		<Equipments>
			<EquipmentRoster>
				<equipment
					slot="Item0"
					id="Item.peasant_sickle_1_t1" />
				<equipment
					slot="Head"
					id="Item.roundkettle_over_imperial_leather" />
				<equipment
					slot="Body"
					id="Item.imperial_padded_cloth" />
				<equipment
					slot="Leg"
					id="Item.wrapped_shoes" />
			</EquipmentRoster>
			<EquipmentSet
				id="npc_wanderer_equipment_template_khuzait"
				civilian="true" />
		</Equipments>
	</NPCCharacter>
	<NPCCharacter
		id="gear_dummy_vlandia"
		default_group="Infantry"
		is_hero="false"
		occupation="Special"
		culture="Culture.khuzait"
		name="{=!}Vlandia Gear Dummy"
		skill_template="SkillSet.infantry_heavyinfantry_level1_template_skills"
		is_obsolete="true">
		<face>
			<face_key_template
				value="BodyProperty.guard" />
		</face>
		<skills></skills>
		<Traits></Traits>
		<Equipments>
			<EquipmentRoster>
				<equipment
					slot="Item0"
					id="Item.peasant_sickle_1_t1" />
				<equipment
					slot="Head"
					id="Item.kettle_helmet_over_laced_coif" />
				<equipment
					slot="Body"
					id="Item.aketon" />
				<equipment
					slot="Leg"
					id="Item.leather_boots" />
				<equipment
					slot="Gloves"
					id="Item.leather_gloves" />
			</EquipmentRoster>
			<EquipmentSet
				id="npc_wanderer_equipment_template_khuzait"
				civilian="true" />
		</Equipments>
	</NPCCharacter>
	<NPCCharacter
		id="gear_dummy_aserai"
		default_group="Infantry"
		is_hero="false"
		occupation="Special"
		culture="Culture.khuzait"
		name="{=!}Aserai Gear Dummy"
		skill_template="SkillSet.infantry_heavyinfantry_level1_template_skills"
		is_obsolete="true">
		<face>
			<face_key_template
				value="BodyProperty.guard" />
		</face>
		<skills></skills>
		<Traits></Traits>
		<Equipments>
			<EquipmentRoster>
				<equipment
					slot="Item0"
					id="Item.peasant_sickle_1_t1" />
				<equipment
					slot="Head"
					id="Item.open_desert_helmet" />
				<equipment
					slot="Body"
					id="Item.short_padded_robe" />
				<equipment
					slot="Leg"
					id="Item.leather_shoes" />
				<equipment
					slot="Gloves"
					id="Item.ragged_armwraps" />
			</EquipmentRoster>
			<EquipmentSet
				id="npc_wanderer_equipment_template_khuzait"
				civilian="true" />
		</Equipments>
	</NPCCharacter>
	<NPCCharacter
		id="gear_dummy_sturgia"
		default_group="Infantry"
		is_hero="false"
		occupation="Special"
		culture="Culture.khuzait"
		name="{=!}Sturgia Gear Dummy"
		skill_template="SkillSet.infantry_heavyinfantry_level1_template_skills"
		is_obsolete="true">
		<face>
			<face_key_template
				value="BodyProperty.guard" />
		</face>
		<skills></skills>
		<Traits></Traits>
		<Equipments>
			<EquipmentRoster>
				<equipment
					slot="Item0"
					id="Item.peasant_sickle_1_t1" />
				<equipment
					slot="Head"
					id="Item.nasalhelm_over_leather" />
				<equipment
					slot="Body"
					id="Item.nordic_padded_cloth" />
				<equipment
					slot="Leg"
					id="Item.leather_boots" />
				<equipment
					slot="Gloves"
					id="Item.leather_gloves" />
			</EquipmentRoster>
			<EquipmentSet
				id="npc_wanderer_equipment_template_khuzait"
				civilian="true" />
		</Equipments>
	</NPCCharacter>
	<NPCCharacter
		id="gear_dummy_battania"
		default_group="Infantry"
		is_hero="false"
		occupation="Special"
		culture="Culture.khuzait"
		name="{=!}Battania Gear Dummy"
		skill_template="SkillSet.infantry_heavyinfantry_level1_template_skills"
		is_obsolete="true">
		<face>
			<face_key_template
				value="BodyProperty.guard" />
		</face>
		<skills></skills>
		<Traits></Traits>
		<Equipments>
			<EquipmentRoster>
				<equipment
					slot="Item0"
					id="Item.peasant_sickle_1_t1" />
				<equipment
					slot="Body"
					id="Item.fur_skirt_with_tunic" />
				<equipment
					slot="Leg"
					id="Item.battania_fur_boots" />
				<equipment
					slot="Gloves"
					id="Item.armwraps" />
			</EquipmentRoster>
			<EquipmentSet
				id="npc_wanderer_equipment_template_khuzait"
				civilian="true" />
		</Equipments>
	</NPCCharacter>
	<NPCCharacter
		id="gear_dummy_khuzait"
		default_group="Infantry"
		is_hero="false"
		occupation="Special"
		culture="Culture.khuzait"
		name="{=!}Khuzait Gear Dummy"
		skill_template="SkillSet.infantry_heavyinfantry_level1_template_skills"
		is_obsolete="true">
		<face>
			<face_key_template
				value="BodyProperty.guard" />
		</face>
		<skills></skills>
		<Traits></Traits>
		<Equipments>
			<EquipmentRoster>
				<equipment
					slot="Item0"
					id="Item.peasant_sickle_1_t1" />
				<equipment
					slot="Head"
					id="Item.nomad_helmet" />
				<equipment
					slot="Body"
					id="Item.steppe_armor" />
				<equipment
					slot="Leg"
					id="Item.leather_boots" />
			</EquipmentRoster>
			<EquipmentSet
				id="npc_wanderer_equipment_template_khuzait"
				civilian="true" />
		</Equipments>
	</NPCCharacter>
	<NPCCharacter
		id="duel_style_empire"
		name="{=V7iJlSuT}sword to sword"
		default_group="Infantry"
		is_hero="false"
		occupation="Special"
		culture="Culture.empire"
		skill_template="SkillSet.infantry_heavyinfantry_level1_template_skills"
		is_obsolete="true">
		<face>
			<face_key_template
				value="BodyProperty.fighter_empire" />
		</face>
		<skills></skills>
		<Traits></Traits>
		<Equipments>
			<EquipmentRoster>
				<equipment
					slot="Item0"
					id="Item.short_sword_t3" />
				<equipment
					slot="Leg"
					id="Item.strapped_shoes" />
			</EquipmentRoster>
			<EquipmentSet
				id="npc_wanderer_equipment_template_empire"
				civilian="true" />
		</Equipments>
	</NPCCharacter>
	<NPCCharacter
		id="duel_style_sturgian_0"
		name="{=KPrRxeC3}each with axe and shield"
		default_group="Infantry"
		is_hero="false"
		occupation="Special"
		culture="Culture.empire"
		skill_template="SkillSet.infantry_heavyinfantry_level1_template_skills"
		is_obsolete="true">
		<face>
			<face_key_template
				value="BodyProperty.fighter_empire" />
		</face>
		<skills></skills>
		<Traits></Traits>
		<Equipments>
			<EquipmentRoster>
				<equipment
					slot="Item0"
					id="Item.peasant_hatchet_1_t1" />
				<equipment
					slot="Item1"
					id="Item.strapped_round_shield" />
				<equipment
					slot="Leg"
					id="Item.strapped_shoes" />
			</EquipmentRoster>
			<EquipmentSet
				id="npc_wanderer_equipment_template_empire"
				civilian="true" />
		</Equipments>
	</NPCCharacter>
	<NPCCharacter
		id="duel_style_sturgian_1"
		name="{=KqpiU4tH}with two-handed swords"
		default_group="Infantry"
		is_hero="false"
		occupation="Special"
		culture="Culture.empire"
		skill_template="SkillSet.infantry_heavyinfantry_level1_template_skills"
		is_obsolete="true">
		<face>
			<face_key_template
				value="BodyProperty.villager_empire" />
		</face>
		<skills></skills>
		<Traits></Traits>
		<Equipments>
			<EquipmentRoster>
				<equipment
					slot="Item0"
					id="Item.bastard_sword_t2" />
				<equipment
					slot="Leg"
					id="Item.strapped_shoes" />
			</EquipmentRoster>
			<EquipmentSet
				id="npc_wanderer_equipment_template_empire"
				civilian="true" />
		</Equipments>
	</NPCCharacter>
	<!-- OBSELETE MINOR FACTION TROOPS - -->
	<!-- guardians - -->
	<NPCCharacter
		id="guardians_tier_1"
		default_group="Ranged"
		level="11"
		occupation="Soldier"
		is_basic_troop="true"
		culture="Culture.empire"
		is_hidden_encyclopedia="true"
		name="{=rtOJNB6u}Guardian Recruit"
		is_obsolete="true">
		<face>
			<face_key_template
				value="BodyProperty.fighter_empire" />
		</face>
		<skills>
			<skill
				id="Athletics"
				value="40" />
			<skill
				id="Riding"
				value="20" />
			<skill
				id="OneHanded"
				value="50" />
			<skill
				id="TwoHanded"
				value="15" />
			<skill
				id="Polearm"
				value="15" />
			<skill
				id="Bow"
				value="40" />
			<skill
				id="Crossbow"
				value="10" />
			<skill
				id="Throwing"
				value="5" />
		</skills>
		<upgrade_targets>
			<upgrade_target
				id="NPCCharacter.guardians_tier_2" />
		</upgrade_targets>
		<Equipments>
			<EquipmentRoster>
				<equipment
					slot="Item0"
					id="Item.glen_ranger_bow" />
				<equipment
					slot="Item1"
					id="Item.default_arrows" />
				<equipment
					slot="Item2"
					id="Item.default_arrows" />
				<equipment
					slot="Item2"
					id="Item.iron_spatha_sword_t2" />
				<equipment
					slot="Body"
					id="Item.tunic_with_shoulder_pads" />
				<equipment
					slot="Leg"
					id="Item.strapped_shoes" />
			</EquipmentRoster>
			<EquipmentRoster>
				<equipment
					slot="Item0"
					id="Item.glen_ranger_bow" />
				<equipment
					slot="Item1"
					id="Item.default_arrows" />
				<equipment
					slot="Item2"
					id="Item.default_arrows" />
				<equipment
					slot="Item2"
					id="Item.iron_spatha_sword_t2" />
				<equipment
					slot="Body"
					id="Item.footmans_tunic" />
				<equipment
					slot="Leg"
					id="Item.strapped_shoes" />
			</EquipmentRoster>
			<EquipmentSet
				id="empire_troop_civilian_template_t1"
				civilian="true" />
		</Equipments>
	</NPCCharacter>
	<NPCCharacter
		id="guardians_tier_2"
		default_group="Ranged"
		level="16"
		occupation="Soldier"
		culture="Culture.empire"
		is_hidden_encyclopedia="true"
		name="{=cMcGn6n3}Expert Guardian"
		is_obsolete="true">
		<face>
			<face_key_template
				value="BodyProperty.fighter_empire" />
		</face>
		<skills>
			<skill
				id="Athletics"
				value="90" />
			<skill
				id="Riding"
				value="60" />
			<skill
				id="OneHanded"
				value="110" />
			<skill
				id="TwoHanded"
				value="45" />
			<skill
				id="Polearm"
				value="65" />
			<skill
				id="Bow"
				value="90" />
			<skill
				id="Crossbow"
				value="15" />
			<skill
				id="Throwing"
				value="50" />
		</skills>
		<upgrade_targets>
			<upgrade_target
				id="NPCCharacter.guardians_tier_3" />
		</upgrade_targets>
		<Equipments>
			<EquipmentRoster>
				<equipment
					slot="Item0"
					id="Item.composite_bow" />
				<equipment
					slot="Item1"
					id="Item.default_arrows" />
				<equipment
					slot="Item2"
					id="Item.default_arrows" />
				<equipment
					slot="Item2"
					id="Item.short_sword_t3" />
				<equipment
					slot="Head"
					id="Item.thinhide_coif" />
				<equipment
					slot="Body"
					id="Item.padded_cloth_with_strips" />
				<equipment
					slot="Leg"
					id="Item.strapped_shoes" />
				<equipment
					slot="Gloves"
					id="Item.padded_vambrace" />
				<equipment
					slot="Cape"
					id="Item.scarf" />
			</EquipmentRoster>
			<EquipmentRoster>
				<equipment
					slot="Item0"
					id="Item.composite_bow" />
				<equipment
					slot="Item1"
					id="Item.default_arrows" />
				<equipment
					slot="Item2"
					id="Item.default_arrows" />
				<equipment
					slot="Item2"
					id="Item.short_sword_t3" />
				<equipment
					slot="Head"
					id="Item.pilgrim_hood" />
				<equipment
					slot="Body"
					id="Item.padded_cloth_with_strips" />
				<equipment
					slot="Leg"
					id="Item.strapped_shoes" />
				<equipment
					slot="Gloves"
					id="Item.padded_vambrace" />
				<equipment
					slot="Cape"
					id="Item.scarf" />
			</EquipmentRoster>
			<EquipmentSet
				id="empire_troop_civilian_template_t2"
				civilian="true" />
		</Equipments>
	</NPCCharacter>
	<NPCCharacter
		id="guardians_tier_3"
		default_group="Ranged"
		level="21"
		occupation="Soldier"
		culture="Culture.empire"
		is_hidden_encyclopedia="true"
		name="{=WNU7kE5N}Veteran Guardian"
		is_obsolete="true">
		<face>
			<face_key_template
				value="BodyProperty.fighter_empire" />
		</face>
		<skills>
			<skill
				id="Athletics"
				value="100" />
			<skill
				id="Riding"
				value="60" />
			<skill
				id="OneHanded"
				value="100" />
			<skill
				id="TwoHanded"
				value="45" />
			<skill
				id="Polearm"
				value="45" />
			<skill
				id="Bow"
				value="100" />
			<skill
				id="Crossbow"
				value="15" />
			<skill
				id="Throwing"
				value="60" />
		</skills>
		<upgrade_targets></upgrade_targets>
		<Equipments>
			<EquipmentRoster>
				<equipment
					slot="Item0"
					id="Item.lowland_yew_bow" />
				<equipment
					slot="Item1"
					id="Item.barbed_arrows" />
				<equipment
					slot="Item2"
					id="Item.barbed_arrows" />
				<equipment
					slot="Item2"
					id="Item.broad_arming_sword_t4" />
				<equipment
					slot="Head"
					id="Item.ironlame_nasalhelm_over_imperial_cloth" />
				<equipment
					slot="Body"
					id="Item.legionary_mail" />
				<equipment
					slot="Leg"
					id="Item.leather_cavalier_boots" />
				<equipment
					slot="Gloves"
					id="Item.leather_gloves" />
				<equipment
					slot="Cape"
					id="Item.padded_leather_shoulders" />
			</EquipmentRoster>
			<EquipmentRoster>
				<equipment
					slot="Item0"
					id="Item.lowland_yew_bow" />
				<equipment
					slot="Item1"
					id="Item.barbed_arrows" />
				<equipment
					slot="Item2"
					id="Item.barbed_arrows" />
				<equipment
					slot="Item2"
					id="Item.broad_arming_sword_t4" />
				<equipment
					slot="Head"
					id="Item.ironlame_nasalhelm_over_imperial_cloth" />
				<equipment
					slot="Body"
					id="Item.legionary_mail" />
				<equipment
					slot="Leg"
					id="Item.leather_cavalier_boots" />
				<equipment
					slot="Gloves"
					id="Item.leather_gloves" />
				<equipment
					slot="Cape"
					id="Item.padded_leather_shoulders" />
			</EquipmentRoster>
			<EquipmentSet
				id="empire_troop_civilian_template_t3"
				civilian="true" />
		</Equipments>
	</NPCCharacter>
	<!-- galloglass - battania -->
	<NPCCharacter
		id="galloglass_tier_1"
		default_group="Infantry"
		level="11"
		occupation="Soldier"
		is_basic_troop="true"
		culture="Culture.battania"
		is_hidden_encyclopedia="true"
		name="{=Qo2cc7bF}Skene"
		is_obsolete="true">
		<face>
			<face_key_template
				value="BodyProperty.fighter_battania" />
		</face>
		<skills>
			<skill
				id="Athletics"
				value="20" />
			<skill
				id="Bow"
				value="10" />
			<skill
				id="OneHanded"
				value="40" />
			<skill
				id="Polearm"
				value="20" />
			<skill
				id="Riding"
				value="30" />
			<skill
				id="Throwing"
				value="40" />
			<skill
				id="TwoHanded"
				value="20" />
			<skill
				id="Crossbow"
				value="10" />
		</skills>
		<upgrade_targets>
			<upgrade_target
				id="NPCCharacter.galloglass_tier_2" />
		</upgrade_targets>
		<Equipments>
			<EquipmentRoster>
				<equipment
					slot="Item0"
					id="Item.western_javelin_1_t2" />
				<equipment
					slot="Item1"
					id="Item.western_javelin_1_t2" />
				<equipment
					slot="Item2"
					id="Item.battania_targe_b" />
				<equipment
					slot="Item3"
					id="Item.small_spurred_axe_t2" />
				<equipment
					slot="Head"
					id="Item.leather_studdedhelm_over_thinhide" />
				<equipment
					slot="Body"
					id="Item.battania_woodland_outfit" />
				<equipment
					slot="Cape"
					id="Item.scarf" />
				<equipment
					slot="Leg"
					id="Item.battania_leather_boots" />
				<equipment
					slot="Gloves"
					id="Item.highland_gloves" />
			</EquipmentRoster>
			<EquipmentSet
				id="battania_troop_civilian_template_t1"
				civilian="true" />
		</Equipments>
	</NPCCharacter>
	<NPCCharacter
		id="galloglass_tier_2"
		default_group="Infantry"
		level="16"
		occupation="Soldier"
		culture="Culture.battania"
		is_hidden_encyclopedia="true"
		name="{=Rj0bNOOh}Kern"
		is_obsolete="true">
		<face>
			<face_key_template
				value="BodyProperty.fighter_battania" />
		</face>
		<skills>
			<skill
				id="Athletics"
				value="50" />
			<skill
				id="Riding"
				value="40" />
			<skill
				id="OneHanded"
				value="70" />
			<skill
				id="TwoHanded"
				value="40" />
			<skill
				id="Polearm"
				value="30" />
			<skill
				id="Bow"
				value="40" />
			<skill
				id="Crossbow"
				value="20" />
			<skill
				id="Throwing"
				value="70" />
		</skills>
		<upgrade_targets>
			<upgrade_target
				id="NPCCharacter.galloglass_tier_3" />
		</upgrade_targets>
		<Equipments>
			<EquipmentRoster>
				<equipment
					slot="Item2"
					id="Item.northern_javelin_1_t2" />
				<equipment
					slot="Item3"
					id="Item.northern_javelin_1_t2" />
				<equipment
					slot="Item1"
					id="Item.battania_targe_b" />
				<equipment
					slot="Item0"
					id="Item.woodland_axe_t3" />
				<equipment
					slot="Head"
					id="Item.battania_fur_helmet" />
				<equipment
					slot="Body"
					id="Item.battania_woodland_chainmail" />
				<equipment
					slot="Leg"
					id="Item.battania_leather_boots" />
				<equipment
					slot="Gloves"
					id="Item.highland_gloves" />
				<equipment
					slot="Cape"
					id="Item.battania_woodland_cloak" />
			</EquipmentRoster>
			<EquipmentRoster>
				<equipment
					slot="Item2"
					id="Item.northern_javelin_1_t2" />
				<equipment
					slot="Item3"
					id="Item.northern_javelin_1_t2" />
				<equipment
					slot="Item1"
					id="Item.leather_round_shield" />
				<equipment
					slot="Item0"
					id="Item.woodland_axe_t3" />
				<equipment
					slot="Head"
					id="Item.ridged_northernhelm" />
				<equipment
					slot="Body"
					id="Item.battania_woodland_chainmail" />
				<equipment
					slot="Leg"
					id="Item.battania_leather_boots" />
				<equipment
					slot="Gloves"
					id="Item.highland_gloves" />
			</EquipmentRoster>
			<EquipmentRoster>
				<equipment
					slot="Item2"
					id="Item.northern_javelin_1_t2" />
				<equipment
					slot="Item3"
					id="Item.northern_javelin_1_t2" />
				<equipment
					slot="Item1"
					id="Item.battania_targe_b" />
				<equipment
					slot="Item0"
					id="Item.woodland_axe_t3" />
				<equipment
					slot="Head"
					id="Item.battania_fur_helmet" />
				<equipment
					slot="Cape"
					id="Item.scarf" />
				<equipment
					slot="Body"
					id="Item.mail_shirt" />
				<equipment
					slot="Leg"
					id="Item.battania_woodland_boots" />
				<equipment
					slot="Gloves"
					id="Item.highland_gloves" />
			</EquipmentRoster>
			<EquipmentSet
				id="battania_troop_civilian_template_t2"
				civilian="true" />
		</Equipments>
	</NPCCharacter>
	<NPCCharacter
		id="galloglass_tier_3"
		default_group="Infantry"
		level="21"
		occupation="Soldier"
		culture="Culture.battania"
		is_hidden_encyclopedia="true"
		name="{=ta34CxLs}Redshank"
		is_obsolete="true">
		<face>
			<face_key_template
				value="BodyProperty.fighter_battania" />
		</face>
		<skills>
			<skill
				id="Athletics"
				value="80" />
			<skill
				id="Riding"
				value="45" />
			<skill
				id="OneHanded"
				value="100" />
			<skill
				id="TwoHanded"
				value="60" />
			<skill
				id="Polearm"
				value="45" />
			<skill
				id="Bow"
				value="60" />
			<skill
				id="Crossbow"
				value="15" />
			<skill
				id="Throwing"
				value="120" />
		</skills>
		<upgrade_targets></upgrade_targets>
		<Equipments>
			<EquipmentRoster>
				<equipment
					slot="Item0"
					id="Item.northern_javelin_2_t3" />
				<equipment
					slot="Item1"
					id="Item.northern_javelin_2_t3" />
				<equipment
					slot="Item2"
					id="Item.highland_riders_shield" />
				<equipment
					slot="Item3"
					id="Item.battle_axe_t4" />
				<equipment
					slot="Head"
					id="Item.ridged_northernhelm" />
				<equipment
					slot="Body"
					id="Item.hauberk" />
				<equipment
					slot="Leg"
					id="Item.mail_chausses" />
				<equipment
					slot="Gloves"
					id="Item.mail_mitten" />
				<equipment
					slot="Cape"
					id="Item.armored_bearskin" />
			</EquipmentRoster>
			<EquipmentRoster>
				<equipment
					slot="Item0"
					id="Item.northern_javelin_2_t3" />
				<equipment
					slot="Item1"
					id="Item.northern_javelin_2_t3" />
				<equipment
					slot="Item2"
					id="Item.highland_riders_shield" />
				<equipment
					slot="Item3"
					id="Item.battle_axe_t4" />
				<equipment
					slot="Head"
					id="Item.plumed_helmet" />
				<equipment
					slot="Body"
					id="Item.battania_mercenary_armor" />
				<equipment
					slot="Leg"
					id="Item.mail_chausses" />
				<equipment
					slot="Gloves"
					id="Item.mail_mitten" />
				<equipment
					slot="Cape"
					id="Item.battania_cloak_furr" />
			</EquipmentRoster>
			<EquipmentRoster>
				<equipment
					slot="Item0"
					id="Item.northern_javelin_2_t3" />
				<equipment
					slot="Item1"
					id="Item.northern_javelin_2_t3" />
				<equipment
					slot="Item2"
					id="Item.highland_riders_shield" />
				<equipment
					slot="Item3"
					id="Item.battle_axe_t4" />
				<equipment
					slot="Head"
					id="Item.plumed_helmet" />
				<equipment
					slot="Body"
					id="Item.battania_mercenary_armor" />
				<equipment
					slot="Leg"
					id="Item.mail_chausses" />
				<equipment
					slot="Gloves"
					id="Item.mail_mitten" />
				<equipment
					slot="Cape"
					id="Item.bearskin" />
			</EquipmentRoster>
			<EquipmentSet
				id="battania_troop_civilian_template_t3"
				civilian="true" />
		</Equipments>
	</NPCCharacter>
	<NPCCharacter
		id="mercenary_1"
		default_group="Infantry"
		is_hero="false"
		level="11"
		name="{=RYP9hzIy}Watchman"
		occupation="Mercenary"
		is_basic_troop="true"
		culture="Culture.neutral_culture"
		is_hidden_encyclopedia="true">
		<face>
			<face_key_template
				value="BodyProperty.fighter_empire" />
		</face>
		<skills>
			<skill
				id="Athletics"
				value="40" />
			<skill
				id="Riding"
				value="15" />
			<skill
				id="OneHanded"
				value="40" />
			<skill
				id="TwoHanded"
				value="20" />
			<skill
				id="Polearm"
				value="40" />
			<skill
				id="Bow"
				value="5" />
			<skill
				id="Crossbow"
				value="20" />
			<skill
				id="Throwing"
				value="15" />
		</skills>
		<upgrade_targets>
			<upgrade_target
				id="NPCCharacter.mercenary_2" />
			<upgrade_target
				id="NPCCharacter.mercenary_3" />
		</upgrade_targets>
		<Equipments>
			<EquipmentRoster>
				<equipment
					slot="Item0"
					id="Item.iron_spatha_sword_t2" />
				<equipment
					slot="Leg"
					id="Item.strapped_shoes" />
				<equipment
					slot="Body"
					id="Item.bandit_leather_water_flask" />
			</EquipmentRoster>
			<EquipmentRoster
				civilian="true">
				<equipment
					slot="Item0"
					id="Item.simple_back_sword_t2" />
				<equipment
					slot="Leg"
					id="Item.strapped_shoes" />
				<equipment
					slot="Body"
					id="Item.bandit_leather_water_flask" />
			</EquipmentRoster>
			<EquipmentSet
				id="empire_troop_civilian_template_t1"
				civilian="true" />
		</Equipments>
	</NPCCharacter>
	<NPCCharacter
		id="mercenary_2"
		default_group="Infantry"
		is_hero="false"
		level="16"
		name="{=0GKH29JG}Mercenary Guard"
		occupation="Mercenary"
		culture="Culture.neutral_culture"
		is_hidden_encyclopedia="true">
		<face>
			<face_key_template
				value="BodyProperty.fighter_empire" />
		</face>
		<skills>
			<skill
				id="Athletics"
				value="60" />
			<skill
				id="Riding"
				value="20" />
			<skill
				id="OneHanded"
				value="70" />
			<skill
				id="TwoHanded"
				value="40" />
			<skill
				id="Polearm"
				value="40" />
			<skill
				id="Bow"
				value="30" />
			<skill
				id="Crossbow"
				value="30" />
			<skill
				id="Throwing"
				value="70" />
		</skills>
		<upgrade_targets>
			<upgrade_target
				id="NPCCharacter.mercenary_4" />
			<upgrade_target
				id="NPCCharacter.mercenary_5" />
		</upgrade_targets>
		<Equipments>
			<EquipmentRoster>
				<equipment
					slot="Item0"
					id="Item.short_sword_t3" />
				<equipment
					slot="Item1"
					id="Item.reinforced_flat_kite_shield" />
				<equipment
					slot="Leg"
					id="Item.strapped_shoes" />
				<equipment
					slot="Body"
					id="Item.bandit_gambeson" />
				<equipment
					slot="Cape"
					id="Item.scarf" />
				<equipment
					slot="Gloves"
					id="Item.leather_gloves" />
			</EquipmentRoster>
			<EquipmentSet
				id="empire_troop_civilian_template_t1"
				civilian="true" />
		</Equipments>
	</NPCCharacter>
	<NPCCharacter
		id="mercenary_3"
		default_group="Cavalry"
		is_hero="false"
		level="16"
		name="{=xaYwo9tM}Mercenary Scout"
		upgrade_requires="ItemCategory.horse"
		occupation="Mercenary"
		culture="Culture.neutral_culture"
		is_hidden_encyclopedia="true">
		<face>
			<face_key_template
				value="BodyProperty.fighter_empire" />
		</face>
		<skills>
			<skill
				id="Athletics"
				value="60" />
			<skill
				id="Riding"
				value="70" />
			<skill
				id="OneHanded"
				value="70" />
			<skill
				id="TwoHanded"
				value="10" />
			<skill
				id="Polearm"
				value="60" />
			<skill
				id="Bow"
				value="30" />
			<skill
				id="Crossbow"
				value="30" />
			<skill
				id="Throwing"
				value="30" />
		</skills>
		<upgrade_targets>
			<upgrade_target
				id="NPCCharacter.mercenary_6" />
		</upgrade_targets>
		<Equipments>
			<EquipmentRoster>
				<equipment
					slot="Item0"
					id="Item.imperial_spear_t2" />
				<equipment
					slot="Item1"
					id="Item.light_horsemans_kite_shield" />
				<equipment
					slot="Item2"
					id="Item.narrow_sword_t3" />
				<equipment
					slot="Body"
					id="Item.padded_leather_shirt" />
				<equipment
					slot="Gloves"
					id="Item.leather_gloves" />
				<equipment
					slot="Head"
					id="Item.leather_cap" />
				<equipment
					slot="Leg"
					id="Item.strapped_shoes" />
			</EquipmentRoster>
			<EquipmentSet
				id="empire_troop_civilian_template_t2"
				civilian="true" />
			<equipment
				slot="Horse"
				id="Item.empire_horse" />
		</Equipments>
	</NPCCharacter>
	<NPCCharacter
		id="mercenary_4"
		default_group="Infantry"
		is_hero="false"
		level="21"
		name="{=Mgr6qv1j}Mercenary Swordsman"
		occupation="Mercenary"
		culture="Culture.neutral_culture"
		is_hidden_encyclopedia="true">
		<face>
			<face_key_template
				value="BodyProperty.fighter_empire" />
		</face>
		<skills>
			<skill
				id="Athletics"
				value="100" />
			<skill
				id="Riding"
				value="35" />
			<skill
				id="OneHanded"
				value="100" />
			<skill
				id="TwoHanded"
				value="70" />
			<skill
				id="Polearm"
				value="90" />
			<skill
				id="Bow"
				value="45" />
			<skill
				id="Crossbow"
				value="25" />
			<skill
				id="Throwing"
				value="60" />
		</skills>
		<upgrade_targets>
			<upgrade_target
				id="NPCCharacter.mercenary_7" />
		</upgrade_targets>
		<Equipments>
			<EquipmentRoster>
				<equipment
					slot="Item0"
					id="Item.short_sword_t3" />
				<equipment
					slot="Item1"
					id="Item.reinforced_kite_shield" />
				<equipment
					slot="Leg"
					id="Item.strapped_shoes" />
				<equipment
					slot="Body"
					id="Item.mail_shirt" />
				<equipment
					slot="Head"
					id="Item.cervelliere_over_laced_coif" />
			</EquipmentRoster>
			<EquipmentSet
				id="empire_troop_civilian_template_t2"
				civilian="true" />
		</Equipments>
	</NPCCharacter>
	<NPCCharacter
		id="mercenary_5"
		default_group="Ranged"
		is_hero="false"
		level="21"
		name="{=PgOknaEN}Mercenary Crossbowman"
		occupation="Mercenary"
		culture="Culture.neutral_culture"
		is_hidden_encyclopedia="true">
		<face>
			<face_key_template
				value="BodyProperty.fighter_empire" />
		</face>
		<skills>
			<skill
				id="Athletics"
				value="100" />
			<skill
				id="Riding"
				value="60" />
			<skill
				id="OneHanded"
				value="90" />
			<skill
				id="TwoHanded"
				value="45" />
			<skill
				id="Polearm"
				value="45" />
			<skill
				id="Bow"
				value="15" />
			<skill
				id="Crossbow"
				value="110" />
			<skill
				id="Throwing"
				value="60" />
		</skills>
		<upgrade_targets>
			<upgrade_target
				id="NPCCharacter.mercenary_8" />
		</upgrade_targets>
		<Equipments>
			<EquipmentRoster>
				<equipment
					slot="Item0"
					id="Item.crossbow_d" />
				<equipment
					slot="Item1"
					id="Item.bolt_a" />
				<equipment
					slot="Item2"
					id="Item.pavise_shield" />
				<equipment
					slot="Item3"
					id="Item.empire_sword_3_t3" />
				<equipment
					slot="Leg"
					id="Item.strapped_shoes" />
				<equipment
					slot="Body"
					id="Item.banded_leather_over_mail" />
				<equipment
					slot="Head"
					id="Item.kettle_helmet_with_mail" />
			</EquipmentRoster>
			<EquipmentSet
				id="empire_troop_civilian_template_t3"
				civilian="true" />
		</Equipments>
	</NPCCharacter>
	<NPCCharacter
		id="mercenary_6"
		default_group="Cavalry"
		is_hero="false"
		level="21"
		name="{=AssCCFew}Mercenary Horseman"
		occupation="Mercenary"
		culture="Culture.neutral_culture"
		is_hidden_encyclopedia="true">
		<face>
			<face_key_template
				value="BodyProperty.fighter_empire" />
		</face>
		<skills>
			<skill
				id="Athletics"
				value="45" />
			<skill
				id="Riding"
				value="110" />
			<skill
				id="OneHanded"
				value="90" />
			<skill
				id="TwoHanded"
				value="45" />
			<skill
				id="Polearm"
				value="100" />
			<skill
				id="Bow"
				value="60" />
			<skill
				id="Crossbow"
				value="15" />
			<skill
				id="Throwing"
				value="30" />
		</skills>
		<upgrade_targets>
			<upgrade_target
				id="NPCCharacter.mercenary_9" />
		</upgrade_targets>
		<Equipments>
			<EquipmentRoster>
				<equipment
					slot="Item0"
					id="Item.western_spear_3_t3" />
				<equipment
					slot="Item1"
					id="Item.fortified_kite_shield" />
				<equipment
					slot="Item2"
					id="Item.broad_arming_sword_t4" />
				<equipment
					slot="Leg"
					id="Item.strapped_shoes" />
				<equipment
					slot="Body"
					id="Item.mail_shirt" />
				<equipment
					slot="Head"
					id="Item.cervelliere_over_laced_coif" />
			</EquipmentRoster>
			<EquipmentSet
				id="empire_troop_civilian_template_t3"
				civilian="true" />
			<equipment
				slot="Horse"
				id="Item.empire_horse" />
			<equipment
				slot="HorseHarness"
				id="Item.light_harness" />
		</Equipments>
	</NPCCharacter>
	<NPCCharacter
		id="mercenary_7"
		default_group="Infantry"
		is_hero="false"
		level="26"
		name="{=R74i2pQz}Hired Blade"
		occupation="Mercenary"
		culture="Culture.neutral_culture"
		is_hidden_encyclopedia="true">
		<face>
			<face_key_template
				value="BodyProperty.fighter_empire" />
		</face>
		<skills>
			<skill
				id="Athletics"
				value="130" />
			<skill
				id="Riding"
				value="130" />
			<skill
				id="OneHanded"
				value="130" />
			<skill
				id="TwoHanded"
				value="80" />
			<skill
				id="Polearm"
				value="100" />
			<skill
				id="Bow"
				value="60" />
			<skill
				id="Crossbow"
				value="40" />
			<skill
				id="Throwing"
				value="20" />
		</skills>
		<Equipments>
			<EquipmentRoster>
				<equipment
					slot="Item0"
					id="Item.empire_sword_4_t4" />
				<equipment
					slot="Item1"
					id="Item.fortified_kite_shield" />
				<equipment
					slot="Leg"
					id="Item.strapped_mail_chausses" />
				<equipment
					slot="Body"
					id="Item.vlandia_chainmail" />
				<equipment
					slot="Head"
					id="Item.nasalhelm_over_mail" />
				<equipment
					slot="Cape"
					id="Item.empire_plate_armor_shoulder_a" />
			</EquipmentRoster>
			<EquipmentSet
				id="empire_troop_civilian_template_t3"
				civilian="true" />
		</Equipments>
	</NPCCharacter>
	<NPCCharacter
		id="mercenary_8"
		default_group="Ranged"
		is_hero="false"
		level="26"
		name="{=QfVe3IVw}Hired Crossbow"
		occupation="Mercenary"
		culture="Culture.neutral_culture"
		is_hidden_encyclopedia="true">
		<face>
			<face_key_template
				value="BodyProperty.fighter_empire" />
		</face>
		<skills>
			<skill
				id="Athletics"
				value="120" />
			<skill
				id="Riding"
				value="30" />
			<skill
				id="OneHanded"
				value="140" />
			<skill
				id="TwoHanded"
				value="70" />
			<skill
				id="Polearm"
				value="60" />
			<skill
				id="Bow"
				value="80" />
			<skill
				id="Crossbow"
				value="140" />
			<skill
				id="Throwing"
				value="50" />
		</skills>
		<Equipments>
			<EquipmentRoster>
				<equipment
					slot="Item2"
					id="Item.empire_sword_2_t3" />
				<equipment
					slot="Item3"
					id="Item.fortified_kite_shield" />
				<equipment
					slot="Item1"
					id="Item.bolt_a" />
				<equipment
					slot="Item0"
					id="Item.crossbow_f" />
				<equipment
					slot="Leg"
					id="Item.strapped_shoes" />
				<equipment
					slot="Body"
					id="Item.hauberk" />
				<equipment
					slot="Head"
					id="Item.kettle_hat_over_mail_coif" />
				<equipment
					slot="Cape"
					id="Item.scarf" />
			</EquipmentRoster>
			<EquipmentSet
				id="empire_troop_civilian_template_t3"
				civilian="true" />
		</Equipments>
	</NPCCharacter>
	<NPCCharacter
		id="mercenary_9"
		default_group="Cavalry"
		is_hero="false"
		level="26"
		name="{=SaqVvzyV}Mercenary Cavalry"
		occupation="Mercenary"
		culture="Culture.neutral_culture"
		is_hidden_encyclopedia="true">
		<face>
			<face_key_template
				value="BodyProperty.fighter_empire" />
		</face>
		<skills>
			<skill
				id="Athletics"
				value="80" />
			<skill
				id="Riding"
				value="130" />
			<skill
				id="OneHanded"
				value="130" />
			<skill
				id="TwoHanded"
				value="80" />
			<skill
				id="Polearm"
				value="130" />
			<skill
				id="Bow"
				value="60" />
			<skill
				id="Crossbow"
				value="20" />
			<skill
				id="Throwing"
				value="60" />
		</skills>
		<Equipments>
			<EquipmentRoster>
				<equipment
					slot="Item0"
					id="Item.wide_leaf_spear_t4" />
				<equipment
					slot="Item1"
					id="Item.fortified_kite_shield" />
				<equipment
					slot="Item2"
					id="Item.empire_sword_5_t4" />
				<equipment
					slot="Leg"
					id="Item.strapped_shoes" />
				<equipment
					slot="Body"
					id="Item.empire_horseman_armor" />
				<equipment
					slot="Head"
					id="Item.ironlame_feathered_spangenhelm_over_mail" />
				<equipment
					slot="Horse"
					id="Item.empire_horse" />
				<equipment
					slot="HorseHarness"
					id="Item.light_harness" />
			</EquipmentRoster>
			<EquipmentSet
				id="empire_troop_civilian_template_t3"
				civilian="true" />
		</Equipments>
	</NPCCharacter>
</NPCCharacters>