﻿<?xml version="1.0" encoding="utf-8"?>
<NPCCharacters>
	<NPCCharacter
		id="child_education_templates_stage_2_page_0_branch_0_aserai"
		name="{=!}stage_2_page_0_branch_0_aserai"
		age="45"
		default_group="Infantry"
		is_hero="false"
		occupation="Lord"
		culture="Culture.aserai"
		skill_template="SkillSet.infantry_heavyinfantry_level1_template_skills"
		is_template="true">
		<face>
			<face_key_template
				value="BodyProperty.fighter_aserai" />
		</face>
		<skills />
		<Equipments>
			<EquipmentRoster>
				<equipment
					slot="Head"
					id="Item.emirs_helmet" />
				<equipment
					slot="Cape"
					id="Item.wrapped_scarf" />
				<equipment
					slot="Body"
					id="Item.stitched_leather_over_mail" />
				<equipment
					slot="Gloves"
					id="Item.guarded_padded_vambrace" />
				<equipment
					slot="Leg"
					id="Item.wrapped_shoes" />
			</EquipmentRoster>
			<EquipmentRoster
				civilian="true" />
		</Equipments>
	</NPCCharacter>
	<NPCCharacter
		id="child_education_templates_stage_2_page_0_branch_0_battania"
		name="{=!}stage_2_page_0_branch_0_battania"
		age="45"
		default_group="Infantry"
		is_hero="false"
		occupation="Lord"
		culture="Culture.battania"
		skill_template="SkillSet.infantry_heavyinfantry_level1_template_skills"
		is_template="true">
		<face>
			<face_key_template
				value="BodyProperty.fighter_battania" />
		</face>
		<skills />
		<Equipments>
			<EquipmentRoster>
				<equipment
					slot="Head"
					id="Item.ridged_northernhelm" />
				<equipment
					slot="Cape"
					id="Item.battania_shoulder_strap_cloak" />
				<equipment
					slot="Body"
					id="Item.ranger_mail" />
				<equipment
					slot="Gloves"
					id="Item.ragged_armwraps" />
				<equipment
					slot="Leg"
					id="Item.battania_fur_boots" />
			</EquipmentRoster>
			<EquipmentRoster
				civilian="true" />
		</Equipments>
	</NPCCharacter>
	<NPCCharacter
		id="child_education_templates_stage_2_page_0_branch_0_empire"
		name="{=!}stage_2_page_0_branch_0_empire"
		age="45"
		default_group="Infantry"
		is_hero="false"
		occupation="Lord"
		culture="Culture.empire"
		skill_template="SkillSet.infantry_heavyinfantry_level1_template_skills"
		is_template="true">
		<face>
			<face_key_template
				value="BodyProperty.fighter_empire" />
		</face>
		<skills />
		<Equipments>
			<EquipmentRoster>
				<equipment
					slot="Head"
					id="Item.ironlame_feathered_spangenhelm" />
				<equipment
					slot="Cape"
					id="Item.imperial_studded_strip_shoulders" />
				<equipment
					slot="Body"
					id="Item.legionary_mail" />
				<equipment
					slot="Gloves"
					id="Item.woven_leather_bracers" />
				<equipment
					slot="Leg"
					id="Item.decorated_imperial_boots" />
			</EquipmentRoster>
			<EquipmentRoster
				civilian="true" />
		</Equipments>
	</NPCCharacter>
	<NPCCharacter
		id="child_education_templates_stage_2_page_0_branch_0_khuzait"
		name="{=!}stage_2_page_0_branch_0_khuzait"
		age="45"
		default_group="Infantry"
		is_hero="false"
		occupation="Lord"
		culture="Culture.khuzait"
		skill_template="SkillSet.infantry_heavyinfantry_level1_template_skills"
		is_template="true">
		<face>
			<face_key_template
				value="BodyProperty.fighter_khuzait" />
		</face>
		<skills />
		<Equipments>
			<EquipmentRoster>
				<equipment
					slot="Head"
					id="Item.plumed_nomad_helmet" />
				<equipment
					slot="Cape"
					id="Item.leather_lamellar_shoulders" />
				<equipment
					slot="Body"
					id="Item.leather_lamellar_armor" />
				<equipment
					slot="Gloves"
					id="Item.studded_vambraces" />
				<equipment
					slot="Leg"
					id="Item.reinforced_suede_boots" />
			</EquipmentRoster>
			<EquipmentRoster
				civilian="true" />
		</Equipments>
	</NPCCharacter>
	<NPCCharacter
		id="child_education_templates_stage_2_page_0_branch_0_sturgia"
		name="{=!}stage_2_page_0_branch_0_sturgia"
		age="45"
		default_group="Infantry"
		is_hero="false"
		occupation="Lord"
		culture="Culture.sturgia"
		skill_template="SkillSet.infantry_heavyinfantry_level1_template_skills"
		is_template="true">
		<face>
			<face_key_template
				value="BodyProperty.fighter_sturgia" />
		</face>
		<skills />
		<Equipments>
			<EquipmentRoster>
				<equipment
					slot="Body"
					id="Item.nordic_hauberk" />
				<equipment
					slot="Leg"
					id="Item.mail_cavalier_boots" />
			</EquipmentRoster>
			<EquipmentRoster
				civilian="true" />
		</Equipments>
	</NPCCharacter>
	<NPCCharacter
		id="child_education_templates_stage_2_page_0_branch_0_vlandia"
		name="{=!}stage_2_page_0_branch_0_vlandia"
		age="45"
		default_group="Infantry"
		is_hero="false"
		occupation="Lord"
		culture="Culture.vlandia"
		skill_template="SkillSet.infantry_heavyinfantry_level1_template_skills"
		is_template="true">
		<face>
			<face_key_template
				value="BodyProperty.fighter_vlandia" />
		</face>
		<skills />
		<Equipments>
			<EquipmentRoster>
				<equipment
					slot="Head"
					id="Item.nasal_helmet_over_padded_cloth" />
				<equipment
					slot="Body"
					id="Item.white_coat_over_mail" />
				<equipment
					slot="Gloves"
					id="Item.reinforced_leather_vambraces" />
				<equipment
					slot="Leg"
					id="Item.mail_cavalier_boots" />
			</EquipmentRoster>
			<EquipmentRoster
				civilian="true" />
		</Equipments>
	</NPCCharacter>
	<NPCCharacter
		id="child_education_templates_stage_2_page_0_branch_1_aserai"
		name="{=!}stage_2_page_0_branch_1_aserai"
		age="45"
		default_group="Infantry"
		is_hero="false"
		occupation="Lord"
		culture="Culture.aserai"
		skill_template="SkillSet.infantry_heavyinfantry_level1_template_skills"
		is_template="true">
		<face>
			<face_key_template
				value="BodyProperty.fighter_aserai" />
		</face>
		<skills />
		<Equipments>
			<EquipmentRoster>
				<equipment
					slot="Head"
					id="Item.aserai_civil_d_hscarf" />
				<equipment
					slot="Body"
					id="Item.tassled_southern_robes" />
				<equipment
					slot="Leg"
					id="Item.leather_shoes" />
			</EquipmentRoster>
			<EquipmentRoster
				civilian="true" />
		</Equipments>
	</NPCCharacter>
	<NPCCharacter
		id="child_education_templates_stage_2_page_0_branch_1_battania"
		name="{=!}stage_2_page_0_branch_1_battania"
		age="45"
		default_group="Infantry"
		is_hero="false"
		occupation="Lord"
		culture="Culture.battania"
		skill_template="SkillSet.infantry_heavyinfantry_level1_template_skills"
		is_template="true">
		<face>
			<face_key_template
				value="BodyProperty.fighter_battania" />
		</face>
		<skills />
		<Equipments>
			<EquipmentRoster>
				<equipment
					slot="Cape"
					id="Item.rough_bearskin" />
				<equipment
					slot="Body"
					id="Item.fur_armor" />
				<equipment
					slot="Gloves"
					id="Item.highland_gloves" />
				<equipment
					slot="Leg"
					id="Item.battania_fur_boots" />
			</EquipmentRoster>
			<EquipmentRoster
				civilian="true" />
		</Equipments>
	</NPCCharacter>
	<NPCCharacter
		id="child_education_templates_stage_2_page_0_branch_1_empire"
		name="{=!}stage_2_page_0_branch_1_empire"
		age="45"
		default_group="Infantry"
		is_hero="false"
		occupation="Lord"
		culture="Culture.empire"
		skill_template="SkillSet.infantry_heavyinfantry_level1_template_skills"
		is_template="true">
		<face>
			<face_key_template
				value="BodyProperty.fighter_empire" />
		</face>
		<skills />
		<Equipments>
			<EquipmentRoster>
				<equipment
					slot="Body"
					id="Item.imperial_robes" />
				<equipment
					slot="Leg"
					id="Item.fine_town_boots" />
			</EquipmentRoster>
			<EquipmentRoster
				civilian="true" />
		</Equipments>
	</NPCCharacter>
	<NPCCharacter
		id="child_education_templates_stage_2_page_0_branch_1_khuzait"
		name="{=!}stage_2_page_0_branch_1_khuzait"
		age="45"
		default_group="Infantry"
		is_hero="false"
		occupation="Lord"
		culture="Culture.khuzait"
		skill_template="SkillSet.infantry_heavyinfantry_level1_template_skills"
		is_template="true">
		<face>
			<face_key_template
				value="BodyProperty.fighter_khuzait" />
		</face>
		<skills />
		<Equipments>
			<EquipmentRoster>
				<equipment
					slot="Head"
					id="Item.eastern_cap" />
				<equipment
					slot="Body"
					id="Item.khuzait_belt_leather" />
				<equipment
					slot="Leg"
					id="Item.khuzait_curved_boots" />
			</EquipmentRoster>
			<EquipmentRoster
				civilian="true" />
		</Equipments>
	</NPCCharacter>
	<NPCCharacter
		id="child_education_templates_stage_2_page_0_branch_1_sturgia"
		name="{=!}stage_2_page_0_branch_1_sturgia"
		age="45"
		default_group="Infantry"
		is_hero="false"
		occupation="Lord"
		culture="Culture.sturgia"
		skill_template="SkillSet.infantry_heavyinfantry_level1_template_skills"
		is_template="true">
		<face>
			<face_key_template
				value="BodyProperty.fighter_sturgia" />
		</face>
		<skills />
		<Equipments>
			<EquipmentRoster>
				<equipment
					slot="Head"
					id="Item.nordic_leather_cap" />
				<equipment
					slot="Body"
					id="Item.merchants_fur_coat" />
				<equipment
					slot="Leg"
					id="Item.strapped_shoes" />
			</EquipmentRoster>
			<EquipmentRoster
				civilian="true" />
		</Equipments>
	</NPCCharacter>
	<NPCCharacter
		id="child_education_templates_stage_2_page_0_branch_1_vlandia"
		name="{=!}stage_2_page_0_branch_1_vlandia"
		age="45"
		default_group="Infantry"
		is_hero="false"
		occupation="Lord"
		culture="Culture.vlandia"
		skill_template="SkillSet.infantry_heavyinfantry_level1_template_skills"
		is_template="true">
		<face>
			<face_key_template
				value="BodyProperty.fighter_vlandia" />
		</face>
		<skills />
		<Equipments>
			<EquipmentRoster>
				<equipment
					slot="Head"
					id="Item.merchants_hat" />
				<equipment
					slot="Body"
					id="Item.long_hemp_tunic" />
				<equipment
					slot="Leg"
					id="Item.leather_cavalier_boots" />
			</EquipmentRoster>
			<EquipmentRoster
				civilian="true" />
		</Equipments>
	</NPCCharacter>
	<NPCCharacter
		id="child_education_templates_stage_2_page_0_branch_2_aserai"
		name="{=!}stage_2_page_0_branch_2_aserai"
		age="45"
		default_group="Infantry"
		is_hero="false"
		occupation="Lord"
		culture="Culture.aserai"
		skill_template="SkillSet.infantry_heavyinfantry_level1_template_skills"
		is_template="true">
		<face>
			<face_key_template
				value="BodyProperty.fighter_aserai" />
		</face>
		<skills />
		<Equipments>
			<EquipmentRoster>
				<equipment
					slot="Head"
					id="Item.aserai_civil_c_head" />
				<equipment
					slot="Body"
					id="Item.aserai_civil_e" />
				<equipment
					slot="Leg"
					id="Item.leather_shoes" />
			</EquipmentRoster>
			<EquipmentRoster
				civilian="true" />
		</Equipments>
	</NPCCharacter>
	<NPCCharacter
		id="child_education_templates_stage_2_page_0_branch_2_battania"
		name="{=!}stage_2_page_0_branch_2_battania"
		age="45"
		default_group="Infantry"
		is_hero="false"
		occupation="Lord"
		culture="Culture.battania"
		skill_template="SkillSet.infantry_heavyinfantry_level1_template_skills"
		is_template="true">
		<face>
			<face_key_template
				value="BodyProperty.fighter_battania" />
		</face>
		<skills />
		<Equipments>
			<EquipmentRoster>
				<equipment
					slot="Body"
					id="Item.battania_civil_c" />
				<equipment
					slot="Gloves"
					id="Item.buttoned_leather_bracers" />
				<equipment
					slot="Leg"
					id="Item.ragged_boots" />
			</EquipmentRoster>
			<EquipmentRoster
				civilian="true" />
		</Equipments>
	</NPCCharacter>
	<NPCCharacter
		id="child_education_templates_stage_2_page_0_branch_2_empire"
		name="{=!}stage_2_page_0_branch_2_empire"
		age="45"
		default_group="Infantry"
		is_hero="false"
		occupation="Lord"
		culture="Culture.empire"
		skill_template="SkillSet.infantry_heavyinfantry_level1_template_skills"
		is_template="true">
		<face>
			<face_key_template
				value="BodyProperty.fighter_empire" />
		</face>
		<skills />
		<Equipments>
			<EquipmentRoster>
				<equipment
					slot="Body"
					id="Item.tunic_with_shoulder_pads" />
				<equipment
					slot="Leg"
					id="Item.fine_town_boots" />
			</EquipmentRoster>
			<EquipmentRoster
				civilian="true" />
		</Equipments>
	</NPCCharacter>
	<NPCCharacter
		id="child_education_templates_stage_2_page_0_branch_2_khuzait"
		name="{=!}stage_2_page_0_branch_2_khuzait"
		age="45"
		default_group="Infantry"
		is_hero="false"
		occupation="Lord"
		culture="Culture.khuzait"
		skill_template="SkillSet.infantry_heavyinfantry_level1_template_skills"
		is_template="true">
		<face>
			<face_key_template
				value="BodyProperty.fighter_khuzait" />
		</face>
		<skills />
		<Equipments>
			<EquipmentRoster>
				<equipment
					slot="Head"
					id="Item.nomad_cap" />
				<equipment
					slot="Body"
					id="Item.khuzait_civil_coat" />
				<equipment
					slot="Leg"
					id="Item.khuzait_curved_boots" />
			</EquipmentRoster>
			<EquipmentRoster
				civilian="true" />
		</Equipments>
	</NPCCharacter>
	<NPCCharacter
		id="child_education_templates_stage_2_page_0_branch_2_sturgia"
		name="{=!}stage_2_page_0_branch_2_sturgia"
		age="45"
		default_group="Infantry"
		is_hero="false"
		occupation="Lord"
		culture="Culture.sturgia"
		skill_template="SkillSet.infantry_heavyinfantry_level1_template_skills"
		is_template="true">
		<face>
			<face_key_template
				value="BodyProperty.fighter_sturgia" />
		</face>
		<skills />
		<Equipments>
			<EquipmentRoster>
				<equipment
					slot="Head"
					id="Item.northern_fur_cap" />
				<equipment
					slot="Body"
					id="Item.heavy_nordic_tunic" />
				<equipment
					slot="Leg"
					id="Item.leather_cavalier_boots" />
			</EquipmentRoster>
			<EquipmentRoster
				civilian="true" />
		</Equipments>
	</NPCCharacter>
	<NPCCharacter
		id="child_education_templates_stage_2_page_0_branch_2_vlandia"
		name="{=!}stage_2_page_0_branch_2_vlandia"
		age="45"
		default_group="Infantry"
		is_hero="false"
		occupation="Lord"
		culture="Culture.vlandia"
		skill_template="SkillSet.infantry_heavyinfantry_level1_template_skills"
		is_template="true">
		<face>
			<face_key_template
				value="BodyProperty.fighter_vlandia" />
		</face>
		<skills />
		<Equipments>
			<EquipmentRoster>
				<equipment
					slot="Body"
					id="Item.leather_apron" />
				<equipment
					slot="Leg"
					id="Item.strapped_shoes" />
			</EquipmentRoster>
			<EquipmentRoster
				civilian="true" />
		</Equipments>
	</NPCCharacter>
	<NPCCharacter
		id="child_education_templates_stage_2_page_0_branch_3_khuzait"
		name="{=!}stage_2_page_0_branch_3_khuzait"
		age="45"
		default_group="Infantry"
		is_hero="false"
		occupation="Lord"
		culture="Culture.khuzait"
		skill_template="SkillSet.infantry_heavyinfantry_level1_template_skills"
		is_template="true">
		<face>
			<face_key_template
				value="BodyProperty.fighter_khuzait" />
		</face>
		<skills />
		<Equipments>
			<EquipmentRoster>
				<equipment
					slot="Head"
					id="Item.decorated_nomad_cap" />
				<equipment
					slot="Body"
					id="Item.steppe_robe" />
				<equipment
					slot="Leg"
					id="Item.khuzait_curved_boots" />
			</EquipmentRoster>
			<EquipmentRoster
				civilian="true" />
		</Equipments>
	</NPCCharacter>
	<NPCCharacter
		id="child_education_templates_stage_2_page_0_branch_3_battania"
		name="{=!}stage_2_page_0_branch_3_battania"
		age="45"
		default_group="Infantry"
		is_hero="false"
		occupation="Lord"
		culture="Culture.battania"
		skill_template="SkillSet.infantry_heavyinfantry_level1_template_skills"
		is_template="true">
		<face>
			<face_key_template
				value="BodyProperty.fighter_battania" />
		</face>
		<skills />
		<Equipments>
			<EquipmentRoster>
				<equipment
					slot="Cape"
					id="Item.battania_civil_cape" />
				<equipment
					slot="Body"
					id="Item.battania_civil_b" />
				<equipment
					slot="Gloves"
					id="Item.strapped_leather_bracers" />
				<equipment
					slot="Leg"
					id="Item.highland_boots" />
			</EquipmentRoster>
			<EquipmentRoster
				civilian="true" />
		</Equipments>
	</NPCCharacter>
	<NPCCharacter
		id="child_education_templates_stage_2_page_0_branch_3_aserai"
		name="{=!}stage_2_page_0_branch_3_aserai"
		age="45"
		default_group="Infantry"
		is_hero="false"
		occupation="Lord"
		culture="Culture.aserai"
		skill_template="SkillSet.infantry_heavyinfantry_level1_template_skills"
		is_template="true">
		<face>
			<face_key_template
				value="BodyProperty.fighter_aserai" />
		</face>
		<skills />
		<Equipments>
			<EquipmentRoster>
				<equipment
					slot="Head"
					id="Item.aserai_civil_hscarf_b" />
				<equipment
					slot="Body"
					id="Item.thick_sleeved_robe" />
				<equipment
					slot="Leg"
					id="Item.leather_shoes" />
			</EquipmentRoster>
			<EquipmentRoster
				civilian="true" />
		</Equipments>
	</NPCCharacter>
	<NPCCharacter
		id="child_education_templates_stage_2_page_0_branch_3_empire"
		name="{=!}stage_2_page_0_branch_3_empire"
		age="45"
		default_group="Infantry"
		is_hero="false"
		occupation="Lord"
		culture="Culture.empire"
		skill_template="SkillSet.infantry_heavyinfantry_level1_template_skills"
		is_template="true">
		<face>
			<face_key_template
				value="BodyProperty.fighter_empire" />
		</face>
		<skills />
		<Equipments>
			<EquipmentRoster>
				<equipment
					slot="Head"
					id="Item.leather_cap" />
				<equipment
					slot="Body"
					id="Item.tied_cloth_tunic" />
				<equipment
					slot="Leg"
					id="Item.leather_shoes" />
			</EquipmentRoster>
			<EquipmentRoster
				civilian="true" />
		</Equipments>
	</NPCCharacter>
	<NPCCharacter
		id="child_education_templates_stage_2_page_0_branch_3_sturgia"
		name="{=!}stage_2_page_0_branch_3_sturgia"
		age="45"
		default_group="Infantry"
		is_hero="false"
		occupation="Lord"
		culture="Culture.sturgia"
		skill_template="SkillSet.infantry_heavyinfantry_level1_template_skills"
		is_template="true">
		<face>
			<face_key_template
				value="BodyProperty.fighter_sturgia" />
		</face>
		<skills />
		<Equipments>
			<EquipmentRoster>
				<equipment
					slot="Head"
					id="Item.roughhide_cap" />
				<equipment
					slot="Body"
					id="Item.heavy_nordic_coat" />
				<equipment
					slot="Leg"
					id="Item.strapped_shoes" />
			</EquipmentRoster>
			<EquipmentRoster
				civilian="true" />
		</Equipments>
	</NPCCharacter>
	<NPCCharacter
		id="child_education_templates_stage_2_page_0_branch_3_vlandia"
		name="{=!}stage_2_page_0_branch_3_vlandia"
		age="45"
		default_group="Infantry"
		is_hero="false"
		occupation="Lord"
		culture="Culture.vlandia"
		skill_template="SkillSet.infantry_heavyinfantry_level1_template_skills"
		is_template="true">
		<face>
			<face_key_template
				value="BodyProperty.fighter_vlandia" />
		</face>
		<skills />
		<Equipments>
			<EquipmentRoster>
				<equipment
					slot="Cape"
					id="Item.green_hood" />
				<equipment
					slot="Body"
					id="Item.monk_robe" />
				<equipment
					slot="Leg"
					id="Item.leather_cavalier_boots" />
			</EquipmentRoster>
			<EquipmentRoster
				civilian="true" />
		</Equipments>
	</NPCCharacter>
	<NPCCharacter
		id="child_education_templates_stage_2_page_0_branch_4_aserai"
		name="{=!}stage_2_page_0_branch_4_aserai"
		age="45"
		default_group="Infantry"
		is_hero="false"
		occupation="Lord"
		culture="Culture.aserai"
		skill_template="SkillSet.infantry_heavyinfantry_level1_template_skills"
		is_template="true">
		<face>
			<face_key_template
				value="BodyProperty.fighter_aserai" />
		</face>
		<skills />
		<Equipments>
			<EquipmentRoster>
				<equipment
					slot="Head"
					id="Item.desert_cap" />
				<equipment
					slot="Cape"
					id="Item.aserai_horseman_shoulder" />
				<equipment
					slot="Body"
					id="Item.studded_leather_coat" />
				<equipment
					slot="Gloves"
					id="Item.guarded_padded_vambrace" />
				<equipment
					slot="Leg"
					id="Item.wrapped_shoes" />
			</EquipmentRoster>
			<EquipmentRoster
				civilian="true" />
		</Equipments>
	</NPCCharacter>
	<NPCCharacter
		id="child_education_templates_stage_2_page_0_branch_4_battania"
		name="{=!}stage_2_page_0_branch_4_battania"
		age="45"
		default_group="Infantry"
		is_hero="false"
		occupation="Lord"
		culture="Culture.battania"
		skill_template="SkillSet.infantry_heavyinfantry_level1_template_skills"
		is_template="true">
		<face>
			<face_key_template
				value="BodyProperty.fighter_battania" />
		</face>
		<skills />
		<Equipments>
			<EquipmentRoster>
				<equipment
					slot="Cape"
					id="Item.battania_woodland_cloak" />
				<equipment
					slot="Body"
					id="Item.battania_woodland_outfit" />
				<equipment
					slot="Gloves"
					id="Item.armwraps" />
				<equipment
					slot="Leg"
					id="Item.rough_tied_boots" />
			</EquipmentRoster>
			<EquipmentRoster
				civilian="true" />
		</Equipments>
	</NPCCharacter>
	<NPCCharacter
		id="child_education_templates_stage_2_page_0_branch_4_empire"
		name="{=!}stage_2_page_0_branch_4_empire"
		age="45"
		default_group="Infantry"
		is_hero="false"
		occupation="Lord"
		culture="Culture.empire"
		skill_template="SkillSet.infantry_heavyinfantry_level1_template_skills"
		is_template="true">
		<face>
			<face_key_template
				value="BodyProperty.fighter_empire" />
		</face>
		<skills />
		<Equipments>
			<EquipmentRoster>
				<equipment
					slot="Body"
					id="Item.basic_imperial_leather_armor" />
				<equipment
					slot="Gloves"
					id="Item.padded_mitten" />
				<equipment
					slot="Leg"
					id="Item.leather_shoes" />
			</EquipmentRoster>
			<EquipmentRoster
				civilian="true" />
		</Equipments>
	</NPCCharacter>
	<NPCCharacter
		id="child_education_templates_stage_2_page_0_branch_4_khuzait"
		name="{=!}stage_2_page_0_branch_4_khuzait"
		age="45"
		default_group="Infantry"
		is_hero="false"
		occupation="Lord"
		culture="Culture.khuzait"
		skill_template="SkillSet.infantry_heavyinfantry_level1_template_skills"
		is_template="true">
		<face>
			<face_key_template
				value="BodyProperty.fighter_khuzait" />
		</face>
		<skills />
		<Equipments>
			<EquipmentRoster>
				<equipment
					slot="Head"
					id="Item.nomad_padded_hood" />
				<equipment
					slot="Body"
					id="Item.rough_fur_armor" />
				<equipment
					slot="Leg"
					id="Item.khuzait_curved_boots" />
			</EquipmentRoster>
			<EquipmentRoster
				civilian="true" />
		</Equipments>
	</NPCCharacter>
	<NPCCharacter
		id="child_education_templates_stage_2_page_0_branch_4_sturgia"
		name="{=!}stage_2_page_0_branch_4_sturgia"
		age="45"
		default_group="Infantry"
		is_hero="false"
		occupation="Lord"
		culture="Culture.sturgia"
		skill_template="SkillSet.infantry_heavyinfantry_level1_template_skills"
		is_template="true">
		<face>
			<face_key_template
				value="BodyProperty.fighter_sturgia" />
		</face>
		<skills />
		<Equipments>
			<EquipmentRoster>
				<equipment
					slot="Body"
					id="Item.northern_leather_tabard" />
				<equipment
					slot="Leg"
					id="Item.leather_cavalier_boots" />
			</EquipmentRoster>
			<EquipmentRoster
				civilian="true" />
		</Equipments>
	</NPCCharacter>
	<NPCCharacter
		id="child_education_templates_stage_2_page_0_branch_4_vlandia"
		name="{=!}stage_2_page_0_branch_4_vlandia"
		age="45"
		default_group="Infantry"
		is_hero="false"
		occupation="Lord"
		culture="Culture.vlandia"
		skill_template="SkillSet.infantry_heavyinfantry_level1_template_skills"
		is_template="true">
		<face>
			<face_key_template
				value="BodyProperty.fighter_vlandia" />
		</face>
		<skills />
		<Equipments>
			<EquipmentRoster>
				<equipment
					slot="Body"
					id="Item.woven_leather_vest" />
				<equipment
					slot="Gloves"
					id="Item.padded_vambrace" />
				<equipment
					slot="Leg"
					id="Item.strapped_shoes" />
			</EquipmentRoster>
			<EquipmentRoster
				civilian="true" />
		</Equipments>
	</NPCCharacter>
	<NPCCharacter
		id="child_education_templates_stage_2_page_0_branch_5_aserai"
		name="{=!}stage_2_page_0_branch_5_aserai"
		age="45"
		default_group="Infantry"
		is_hero="false"
		occupation="Lord"
		culture="Culture.aserai"
		skill_template="SkillSet.infantry_heavyinfantry_level1_template_skills"
		is_template="true">
		<face>
			<face_key_template
				value="BodyProperty.fighter_aserai" />
		</face>
		<skills />
		<Equipments>
			<EquipmentRoster>
				<equipment
					slot="Head"
					id="Item.tuareg" />
				<equipment
					slot="Body"
					id="Item.eastern_silk_clothing" />
				<equipment
					slot="Leg"
					id="Item.wrapped_shoes" />
			</EquipmentRoster>
			<EquipmentRoster
				civilian="true" />
		</Equipments>
	</NPCCharacter>
	<NPCCharacter
		id="child_education_templates_stage_2_page_0_branch_5_battania"
		name="{=!}stage_2_page_0_branch_5_battania"
		age="45"
		default_group="Infantry"
		is_hero="false"
		occupation="Lord"
		culture="Culture.battania"
		skill_template="SkillSet.infantry_heavyinfantry_level1_template_skills"
		is_template="true">
		<face>
			<face_key_template
				value="BodyProperty.fighter_battania" />
		</face>
		<skills />
		<Equipments>
			<EquipmentRoster>
				<equipment
					slot="Cape"
					id="Item.battania_shoulder_strap_cloak" />
				<equipment
					slot="Body"
					id="Item.bandit_fur_a" />
				<equipment
					slot="Leg"
					id="Item.battania_leather_boots" />
			</EquipmentRoster>
			<EquipmentRoster
				civilian="true" />
		</Equipments>
	</NPCCharacter>
	<NPCCharacter
		id="child_education_templates_stage_2_page_0_branch_5_empire"
		name="{=!}stage_2_page_0_branch_5_empire"
		age="45"
		default_group="Infantry"
		is_hero="false"
		occupation="Lord"
		culture="Culture.empire"
		skill_template="SkillSet.infantry_heavyinfantry_level1_template_skills"
		is_template="true">
		<face>
			<face_key_template
				value="BodyProperty.fighter_empire" />
		</face>
		<skills />
		<Equipments>
			<EquipmentRoster>
				<equipment
					slot="Body"
					id="Item.imperial_robes" />
				<equipment
					slot="Leg"
					id="Item.leather_shoes" />
			</EquipmentRoster>
			<EquipmentRoster
				civilian="true" />
		</Equipments>
	</NPCCharacter>
	<NPCCharacter
		id="child_education_templates_stage_2_page_0_branch_5_khuzait"
		name="{=!}stage_2_page_0_branch_5_khuzait"
		age="45"
		default_group="Infantry"
		is_hero="false"
		occupation="Lord"
		culture="Culture.khuzait"
		skill_template="SkillSet.infantry_heavyinfantry_level1_template_skills"
		is_template="true">
		<face>
			<face_key_template
				value="BodyProperty.fighter_khuzait" />
		</face>
		<skills />
		<Equipments>
			<EquipmentRoster>
				<equipment
					slot="Head"
					id="Item.upturned_fur_cap" />
				<equipment
					slot="Body"
					id="Item.belted_leather_cuirass" />
				<equipment
					slot="Gloves"
					id="Item.eastern_wrapped_armguards" />
				<equipment
					slot="Leg"
					id="Item.khuzait_curved_boots" />
			</EquipmentRoster>
			<EquipmentRoster
				civilian="true" />
		</Equipments>
	</NPCCharacter>
	<NPCCharacter
		id="child_education_templates_stage_2_page_0_branch_5_sturgia"
		name="{=!}stage_2_page_0_branch_5_sturgia"
		age="45"
		default_group="Infantry"
		is_hero="false"
		occupation="Lord"
		culture="Culture.sturgia"
		skill_template="SkillSet.infantry_heavyinfantry_level1_template_skills"
		is_template="true">
		<face>
			<face_key_template
				value="BodyProperty.fighter_sturgia" />
		</face>
		<skills />
		<Equipments>
			<EquipmentRoster>
				<equipment
					slot="Head"
					id="Item.nordic_fur_cap" />
				<equipment
					slot="Cape"
					id="Item.scarf" />
				<equipment
					slot="Body"
					id="Item.northern_leather_vest" />
				<equipment
					slot="Leg"
					id="Item.strapped_shoes" />
			</EquipmentRoster>
			<EquipmentRoster
				civilian="true" />
		</Equipments>
	</NPCCharacter>
	<NPCCharacter
		id="child_education_templates_stage_2_page_0_branch_5_vlandia"
		name="{=!}stage_2_page_0_branch_5_vlandia"
		age="45"
		default_group="Infantry"
		is_hero="false"
		occupation="Lord"
		culture="Culture.vlandia"
		skill_template="SkillSet.infantry_heavyinfantry_level1_template_skills"
		is_template="true">
		<face>
			<face_key_template
				value="BodyProperty.fighter_vlandia" />
		</face>
		<skills />
		<Equipments>
			<EquipmentRoster>
				<equipment
					slot="Body"
					id="Item.leather_coat_over_cloth" />
				<equipment
					slot="Gloves"
					id="Item.leather_gloves" />
				<equipment
					slot="Leg"
					id="Item.leather_cavalier_boots" />
			</EquipmentRoster>
			<EquipmentRoster
				civilian="true" />
		</Equipments>
	</NPCCharacter>
</NPCCharacters>