﻿<?xml version="1.0" encoding="utf-8"?>
<Factions>
	<!--player faction-->
	<Faction
		id="player_faction"
		owner="Hero.main_hero"
		banner_key="11.163.166.1528.1528.764.764.1.0.0.133.171.171.483.483.764.764.0.0.0"
		is_minor_faction="true"
		label_color="FFD2C0AA"
		color="FF744C38"
		color2="FFFFB53E"
		alternative_color="FF6C5749"
		alternative_color2="FFB3A491"
		culture="Culture.battania"
		settlement_banner_mesh="encounter_flag_a"
		name="{=o0Xm5Rqk}Playerland"
		tier="0"></Faction>
	<!--bandit factions-->
	<Faction
		id="looters"
		banner_key="24.193.116.1536.1536.768.768.1.0.0"
		label_color="FF8B7C73"
		color="FF8B7C73"
		color2="FF8B7C73"
		alternative_color="FF8B7C73"
		alternative_color2="FF8B7C73"
		culture="Culture.looters"
		default_party_template="PartyTemplate.looters_template"
		settlement_banner_mesh="none"
		is_bandit="true"
		is_outlaw="true"
		name="{=1sbJQR4H}Looters"
		tier="1"></Faction>
	<!--Faction id="deserters" owner="Hero.lord_deserters_1" label_color="FF8B7C73" color="FF8B7C73" color2="FF8B7C73" alternative_color="FF8B7C73" alternative_color2="FF8B7C73" culture="Culture.deserters" default_party_template="PartyTemplate.deserters_template" settlement_banner_mesh="none" is_bandit="true" is_outlaw="true" name="Deserters">
  </Faction-->
	<Faction
		id="sea_raiders"
		banner_key="20.190.116.1536.1536.768.768.1.0.0"
		label_color="FF8B7C73"
		color="FF8B7C73"
		color2="FF8B7C73"
		alternative_color="FF8B7C73"
		alternative_color2="FF8B7C73"
		culture="Culture.sea_raiders"
		default_party_template="PartyTemplate.sea_raiders_template"
		settlement_banner_mesh="none"
		is_bandit="true"
		is_outlaw="true"
		name="{=pBUc2pL8}Sea Raiders"
		tier="1"></Faction>
	<Faction
		id="mountain_bandits"
		banner_key="20.101.116.1536.1536.768.768.1.0.0"
		label_color="FF8B7C73"
		color="FF8B7C73"
		color2="FF8B7C73"
		alternative_color="FF8B7C73"
		alternative_color2="FF8B7C73"
		culture="Culture.mountain_bandits"
		default_party_template="PartyTemplate.mountain_bandits_template"
		settlement_banner_mesh="none"
		is_bandit="true"
		is_outlaw="true"
		name="{=mOa9CX13}Mountain Bandits"
		tier="1"></Faction>
	<Faction
		id="forest_bandits"
		banner_key="20.189.116.1536.1536.768.768.1.0.0"
		label_color="FF8B7C73"
		color="FF8B7C73"
		color2="FF8B7C73"
		alternative_color="FF8B7C73"
		alternative_color2="FF8B7C73"
		culture="Culture.forest_bandits"
		default_party_template="PartyTemplate.forest_bandits_template"
		settlement_banner_mesh="none"
		is_bandit="true"
		is_outlaw="true"
		name="{=sAbjtZbB}Forest Bandits"
		tier="1"></Faction>
	<Faction
		id="desert_bandits"
		banner_key="20.191.116.1536.1536.768.768.1.0.0"
		label_color="FF8B7C73"
		color="FF8B7C73"
		color2="FF8B7C73"
		alternative_color="FF8B7C73"
		alternative_color2="FF8B7C73"
		culture="Culture.desert_bandits"
		default_party_template="PartyTemplate.desert_bandits_template"
		settlement_banner_mesh="none"
		is_bandit="true"
		is_outlaw="true"
		name="{=kkUQObZn}Desert Bandits"
		tier="1"></Faction>
	<Faction
		id="steppe_bandits"
		banner_key="20.192.116.1536.1536.768.768.1.0.0"
		label_color="FF8B7C73"
		color="FF8B7C73"
		color2="FF8B7C73"
		alternative_color="FF8B7C73"
		alternative_color2="FF8B7C73"
		culture="Culture.steppe_bandits"
		default_party_template="PartyTemplate.steppe_bandits_template"
		settlement_banner_mesh="none"
		is_bandit="true"
		is_outlaw="true"
		name="{=e6csp4ha}Steppe Bandits"
		tier="1"></Faction>
	<!-- mercenary minor factions (4) -->
	<Faction
		id="ghilman"
		initial_posX="360.0"
		initial_posY="212.0"
		banner_key="11.154.154.1536.1536.764.764.1.0.0.401.155.155.488.488.764.764.0.0.0"
		label_color="FFD0884E"
		color="FFD0884E"
		color2="FFD0884E"
		alternative_color="FFD0884E"
		alternative_color2="FFD0884E"
		culture="Culture.darshi"
		default_party_template="PartyTemplate.kingdom_hero_party_mercenary_aserai_template"
		settlement_banner_mesh="encounter_flag_f"
		is_minor_faction="true"
		is_clan_type_mercenary="true"
		name="{=ghilmanClanName}Ghilman"
		tier="4"
		text="{=4TiYXBqK}The Ghilman are a band of mercenaries who recruit from the tribes of southern Calradia and the lands to the east. They are legally their own slaves and masters: each “sells“ himself to the order and, in the process, becomes a part-owner. They are known for their fine horses and fine clothes. But no one should assume from their oiled locks, perfumes and peacock feathers that they spend more time preening then training. Their skills as mounted archers are second to none, and as lancers are close behind the Vlandians and the imperial cataphracts.">
		<minor_faction_character_templates>
			<template
				id="NPCCharacter.spc_ghilman_leader_0" />
			<template
				id="NPCCharacter.spc_ghilman_leader_1" />
			<template
				id="NPCCharacter.spc_ghilman_leader_2" />
			<template
				id="NPCCharacter.spc_ghilman_leader_3" />
		</minor_faction_character_templates>
	</Faction>
	<!-- short name - legion -->
	<Faction
		id="legion_of_the_betrayed"
		initial_posX="472.0"
		initial_posY="372.0"
		banner_key="11.147.147.1536.1536.764.764.1.0.0.215.155.155.442.442.764.764.0.0.0"
		label_color="FF7B5869"
		color="FF7B5869"
		color2="FF7B5869"
		alternative_color="FF7B5869"
		alternative_color2="FF7B5869"
		culture="Culture.empire"
		default_party_template="PartyTemplate.kingdom_hero_party_mercenary_empire_template"
		settlement_banner_mesh="encounter_flag_f"
		is_minor_faction="true"
		is_clan_type_mercenary="true"
		name="{=LqTTchsa}Legion of the Betrayed"
		short_name="{=Ssl38GEF}Legion"
		tier="4"
		text="{=bhxVA9w7}The Last Legion was created after the Emperor Arenicos abolished the last of the Empire's standing armies in the wake of the battle of Pendraic, relying instead on the archons' private retinues which were significantly cheaper and better at controlling territory. The Legion is made up of men who detested this change: they loved the old army, its standards and its unit histories and its camp life, and they blame the new system for destroying the empire. But an army does not hold together unless it is paid regularly, and they take contracts from imperial and foreign lords alike.">
		<minor_faction_character_templates>
			<template
				id="NPCCharacter.spc_legion_of_the_betrayed_leader_0" />
			<template
				id="NPCCharacter.spc_legion_of_the_betrayed_leader_1" />
			<template
				id="NPCCharacter.spc_legion_of_the_betrayed_leader_2" />
			<template
				id="NPCCharacter.spc_legion_of_the_betrayed_leader_3" />
		</minor_faction_character_templates>
	</Faction>
	<!-- short name - skolderbrotva -->
	<Faction
		id="skolderbrotva"
		initial_posX="530.0"
		initial_posY="595.0"
		banner_key="11.146.146.1536.1536.764.764.1.0.0.111.150.155.483.483.764.764.0.0.0"
		label_color="FF66CCFF"
		color="FF66CCFF"
		color2="FF66CCFF"
		alternative_color="FF66CCFF"
		alternative_color2="FF66CCFF"
		culture="Culture.nord"
		default_party_template="PartyTemplate.kingdom_hero_party_mercenary_sturgia_template"
		settlement_banner_mesh="encounter_flag_f"
		is_minor_faction="true"
		is_clan_type_mercenary="true"
		name="{=7k9izAvC}Skolderbroda"
		tier="4"
		text="{=bsPd5zri}The Skolderbroda, or Shield Brothers, are a mercenary company for warriors who take fighting and training very seriously. They are primarily Nordic but do allow recruits from other cultures, as long as an already-serving Shield Brother will vouch for them. Their rules are almost monastic: no women in their encampments and no amusements, and no Brother is allowed to spend the night outside without permission. In combat they fight with spear and axe in the Nordic style, and are valued by all the noble houses of the north.">
		<minor_faction_character_templates>
			<template
				id="NPCCharacter.spc_skolderbrotva_leader_0" />
			<template
				id="NPCCharacter.spc_skolderbrotva_leader_1" />
			<template
				id="NPCCharacter.spc_skolderbrotva_leader_2" />
			<template
				id="NPCCharacter.spc_skolderbrotva_leader_3" />
		</minor_faction_character_templates>
	</Faction>
	<!-- short name - company -->
	<Faction
		id="company_of_the_boar"
		initial_posX="167.0"
		initial_posY="553.0"
		banner_key="11.148.148.1536.1536.768.768.1.0.0.151.0.155.522.522.764.764.0.0.0"
		label_color="FFAA415D"
		color="FFAA415D"
		color2="FFAA415D"
		alternative_color="FFAA415D"
		alternative_color2="FFAA415D"
		culture="Culture.vlandia"
		default_party_template="PartyTemplate.kingdom_hero_party_mercenary_vlandia_template"
		settlement_banner_mesh="encounter_flag_f"
		is_minor_faction="true"
		is_clan_type_mercenary="true"
		name="{=UmVjzPI4}Company of the Golden Boar"
		short_name="{=GCy0xb6U}Company"
		tier="4"
		text="{=tae3lhXh}The Company are Vlandians, mostly local levies who don't adjust well to peacetime and who have opted for a life of constant warfare. They are probably the least disciplined and most brigandish of Calradia's mercenaries, and a scourge to any bit of countryside where they are allowed to run loose. Still, like all mercenaries, they know that their future earnings depend on their reputation, so they honor their contracts and practice their skills, particularly with the crossbow, to ensure their employers receive their money's worth.">
		<minor_faction_character_templates>
			<template
				id="NPCCharacter.spc_company_of_the_boar_leader_0" />
			<template
				id="NPCCharacter.spc_company_of_the_boar_leader_1" />
			<template
				id="NPCCharacter.spc_company_of_the_boar_leader_2" />
			<template
				id="NPCCharacter.spc_company_of_the_boar_leader_3" />
		</minor_faction_character_templates>
	</Faction>
	<!-- mafia minor factions (8) -->
	<Faction
		id="beni_zilal"
		initial_posX="445.0"
		initial_posY="55.0"
		banner_key="11.154.154.1536.1536.764.764.1.0.0.222.150.155.483.483.764.764.0.0.0"
		label_color="FFB38841"
		color="FFB38841"
		color2="FFB38841"
		alternative_color="FFB38841"
		alternative_color2="FFB38841"
		culture="Culture.aserai"
		default_party_template="PartyTemplate.kingdom_hero_party_outlaw_aserai_template"
		settlement_banner_mesh="encounter_flag_f"
		is_minor_faction="true"
		is_outlaw="true"
		is_mafia="true"
		name="{=NObV048p}Beni Zilal"
		tier="4"
		text="{=dRaYhQva}The origins of the Beni Zilal, the Sons of the Shadows, are shrouded in legend. Many of the stories tell of a messianic preacher who ruled from a citadel deep in the desert, entrancing his followers with the help of halucinogenic herbs and terrorizing the Aserai nobility with the threat of assassination. Regardless of how much truth these stories contain, this brotherhood is now a powerful institution in the deep reaches of the Nahasa, collecting protection money from caravans passing through its territory and cutting deals with local potentates while it awaits the day when it may reveal its hand more openly.">
		<minor_faction_character_templates>
			<template
				id="NPCCharacter.spc_beni_zilal_leader_0" />
			<template
				id="NPCCharacter.spc_beni_zilal_leader_1" />
			<template
				id="NPCCharacter.spc_beni_zilal_leader_2" />
			<template
				id="NPCCharacter.spc_beni_zilal_leader_3" />
		</minor_faction_character_templates>
	</Faction>
	<Faction
		id="wolfskins"
		initial_posX="261.0"
		initial_posY="509.0"
		banner_key="14.2.95.1536.1536.764.764.1.0.0.148.41.0.454.454.764.764.0.0.0"
		label_color="FF848B65"
		color="FF848B65"
		color2="FF848B65"
		alternative_color="FF848B65"
		alternative_color2="FF848B65"
		culture="Culture.battania"
		default_party_template="PartyTemplate.kingdom_hero_party_outlaw_battania_template"
		settlement_banner_mesh="encounter_flag_f"
		is_minor_faction="true"
		is_outlaw="true"
		is_mafia="true"
		name="{=nh4Y3LOc}Wolfskins"
		tier="4"
		text="{=7bhNgOKd}The Wolfskins are heirs to a long tradition in the Battanian lands in which warriors-in-training go “wilding” for part of their youth, learning the ways of the woods and how to suffer hardship. So long as a Wolfskin wears no sewn clothes, eats no cooked food, and sleeps under no roof, he is immune from the laws of men. In fact, the modern Wolfskins tend to be the sons of wealthy families taking a few years to indulge their feral side, robbing travellers and living viciously and not necessarily hewing to the old code.">
		<minor_faction_character_templates>
			<template
				id="NPCCharacter.spc_wolfskins_leader_0" />
			<template
				id="NPCCharacter.spc_wolfskins_leader_1" />
			<template
				id="NPCCharacter.spc_wolfskins_leader_2" />
			<template
				id="NPCCharacter.spc_wolfskins_leader_3" />
		</minor_faction_character_templates>
	</Faction>
	<Faction
		id="brotherhood_of_woods"
		initial_posX="170.0"
		initial_posY="414.0"
		banner_key="11.2.2.1536.1536.764.764.1.0.0.219.155.155.454.454.764.764.0.0.0"
		label_color="FF5A7A4F"
		color="FF5A7A4F"
		color2="FF5A7A4F"
		alternative_color="FF5A7A4F"
		alternative_color2="FF5A7A4F"
		culture="Culture.vlandia"
		default_party_template="PartyTemplate.kingdom_hero_party_outlaw_vlandia_template"
		settlement_banner_mesh="encounter_flag_f"
		is_minor_faction="true"
		is_outlaw="true"
		is_mafia="true"
		name="{=as2TiAIJ}Brotherhood of the Woods"
		short_name="{=khnadIv1}Brotherhood"
		tier="4"
		text="{=xahrUc5n}The Brotherhood of the Woods started as a Vlandian peasant movement, hiding out in the forests, robbing from the rich and giving to the poor. However, it encountered the problems that any long-running rebel movement might - it needed to ensure a steady supply of food, and also ensure that none of the poor would dare earn a bag of coins by informing on them. Slowly but surely, it began to make use of extortion, terror, and corrupt deals with the local authorities to survive, becoming little different from any other organized bandit group in Calradia.">
		<minor_faction_character_templates>
			<template
				id="NPCCharacter.spc_brotherhood_of_woods_leader_0" />
			<template
				id="NPCCharacter.spc_brotherhood_of_woods_leader_1" />
			<template
				id="NPCCharacter.spc_brotherhood_of_woods_leader_2" />
			<template
				id="NPCCharacter.spc_brotherhood_of_woods_leader_3" />
		</minor_faction_character_templates>
	</Faction>
	<!-- There was no member of this faction, encyclopedia was crashing-->
	<!--<Faction id="guardians" initial_posX="294.0" initial_posY="378.0" label_color="FFFFFFCC" color="FFFFFFCC" color2="FFFFFFCC" alternative_color="FFFFFFCC" alternative_color2="FFFFFFCC" culture="Culture.empire" default_party_template="PartyTemplate.kingdom_hero_party_outlaw_empire_s_template" settlement_banner_mesh="encounter_flag_f" is_minor_faction="true" is_outlaw="true" is_mafia="true" name="Guardians of the Hills" short_name="{=*}Guardians" text="{=*}The Watchers are frontiersmen in the northwest of the Empire. They are used to working with the local nobility, specializing in scouting and tracking. But as the Empire descended into civil war, they have begun asserting power in the areas in which they live, becoming a law unto themselves and taking what they want from surrounding villages. They still will cooperate with imperial marcher noble families, but on their terms, not the Empire's."> 
      </Faction>-->
	<Faction
		id="hidden_hand"
		initial_posX="486.0"
		initial_posY="333.0"
		banner_key="11.147.147.1536.1536.764.764.1.0.0.342.155.155.454.454.764.764.0.0.0"
		label_color="FF66CCFF"
		color="FF66CCFF"
		color2="FF66CCFF"
		alternative_color="FF66CCFF"
		alternative_color2="FF66CCFF"
		culture="Culture.empire"
		default_party_template="PartyTemplate.kingdom_hero_party_outlaw_empire_w_template"
		settlement_banner_mesh="encounter_flag_f"
		is_minor_faction="true"
		is_outlaw="true"
		is_mafia="true"
		name="{=MVHawAEp}Hidden Hand"
		short_name="{=j3KtHQzn}Hand"
		tier="3"
		text="{=nQOf27Rx}The Hidden Hand are a mafia who dominate the rural areas, and sometimes the towns, of the southern parts of the Empire. They thrive by making themselves useful to authorities: repressing unrest, silencing troublesome preachers, and robbing from merchants who compete with their patrons. Many of them go back and forth between a respectable life in the towns and a criminal life in countryside. A member of the Hand might spend two or three months a year in the hills as a brigand, then return to town to work as an enforcer and a ”trader” in stolen goods, knowing full well that no one will ask him too many questions.">
		<minor_faction_character_templates>
			<template
				id="NPCCharacter.spc_hidden_hand_leader_0" />
			<template
				id="NPCCharacter.spc_hidden_hand_leader_1" />
			<template
				id="NPCCharacter.spc_hidden_hand_leader_2" />
			<template
				id="NPCCharacter.spc_hidden_hand_leader_3" />
		</minor_faction_character_templates>
	</Faction>
	<Faction
		id="lakepike"
		initial_posX="628.0"
		initial_posY="328.0"
		banner_key="14.12.105.1536.1536.764.764.1.0.0.307.41.0.454.454.764.764.0.0.359"
		label_color="FF7CAFC7"
		color="FF7CAFC7"
		color2="FF7CAFC7"
		alternative_color="FF7CAFC7"
		alternative_color2="FF7CAFC7"
		culture="Culture.sturgia"
		default_party_template="PartyTemplate.kingdom_hero_party_outlaw_sturgia_template"
		settlement_banner_mesh="encounter_flag_f"
		is_minor_faction="true"
		is_outlaw="true"
		is_mafia="true"
		name="{=7WL1LWdf}Lake Rats"
		short_name="{=7WL1LWdf}Lake Rats"
		tier="4"
		text="{=9ZEdEWmi}The Lake Rats live in the marshes on the shores of the great northern lake, in shacks made out of the timbers of ruined ships. They live by “wrecking“ - ie, luring ships onto shoals with false lighthouses and beacons. Because they're scorned by the rest of Calradia - ”all criminals, smell like marsh gas and mud and rotten fish” - they scorn everyone else back. Although mostly Sturgian, their ranks have been swelled by fugitives, debtors, and anyone else who'd rather live by a thieves' code than by the laws of nobles.">
		<minor_faction_character_templates>
			<template
				id="NPCCharacter.spc_lakepike_leader_0" />
			<template
				id="NPCCharacter.spc_lakepike_leader_1" />
			<template
				id="NPCCharacter.spc_lakepike_leader_2" />
			<template
				id="NPCCharacter.spc_lakepike_leader_3" />
		</minor_faction_character_templates>
	</Faction>
	<!-- RELIGIOUS MINOR FACTIONS (2)-->
	<!-- short name - chosen -->
	<!--<Faction id="chosen_of_the_sky" initial_posX="629.0" initial_posY="515.0" label_color="FFFFFFCC" color="FFFFFFCC" color2="FFFFFFCC" alternative_color="FFFFFFCC" alternative_color2="FFFFFFCC" culture="Culture.khuzait" default_party_template="PartyTemplate.kingdom_hero_party_karakhuzaits_template" settlement_banner_mesh="encounter_flag_f" is_minor_faction="true" is_outlaw="true" is_sect="true" name="Chosen of the Sky" short_name="{=*}Chosen" >
  </Faction>-->
	<Faction
		id="embers_of_flame"
		initial_posX="575.0"
		initial_posY="446.0"
		banner_key="11.148.148.1536.1536.764.764.1.0.0.517.155.155.454.454.764.764.0.0.0"
		label_color="FF7C2B1A"
		color="FF7C2B1A"
		color2="FF7C2B1A"
		alternative_color="FF7C2B1A"
		alternative_color2="FF7C2B1A"
		culture="Culture.empire"
		default_party_template="PartyTemplate.kingdom_hero_party_outlaw_empire_e_template"
		settlement_banner_mesh="encounter_flag_f"
		is_minor_faction="true"
		is_outlaw="true"
		is_sect="true"
		name="{=mtZu1l2j}Embers of the Flame"
		short_name="{=zcLTthfN}Embers"
		tier="3"
		text="{=B8c2mNKj}The Embers of the Flame are the descendants of a rebel movement that rose up nearly a century ago, after the saintly but ineffective teenaged Emperor Darusos was toppled by one of his generals. They claim that they are preparing the way for Heaven to bring back Darusos and usher in a golden age, but like so many other rebel movements in Calradia they have been forced to turn to extortion to survive.">
		<minor_faction_character_templates>
			<template
				id="NPCCharacter.spc_embers_of_flame_leader_0" />
			<template
				id="NPCCharacter.spc_embers_of_flame_leader_1" />
			<template
				id="NPCCharacter.spc_embers_of_flame_leader_2" />
			<template
				id="NPCCharacter.spc_embers_of_flame_leader_3" />
		</minor_faction_character_templates>
	</Faction>
	<!-- nomad minor factions (4) -->
	<Faction
		id="jawwal"
		initial_posX="692.0"
		initial_posY="217.0"
		banner_key="34.154.154.1536.1536.764.764.1.0.0.411.155.0.454.454.764.764.0.0.0"
		label_color="FFAC5F2E"
		color="FFAC5F2E"
		color2="FFAC5F2E"
		alternative_color="FFAC5F2E"
		alternative_color2="FFAC5F2E"
		culture="Culture.aserai"
		default_party_template="PartyTemplate.kingdom_hero_party_jawwal_template"
		settlement_banner_mesh="encounter_flag_f"
		is_minor_faction="true"
		is_outlaw="true"
		is_nomad="true"
		name="{=8ba4tpRU}Jawwal"
		tier="4"
		text="{=RWOYui01}The Jawwal, or “Roamers,” are the main bedouin confederacy in the Nahasa desert. They wander from highland to lowland grazing grounds, declaring huge swathes of the desert their “territory” in which any caravan must offer protection money. They compose poems of their deeds and mock other clans of the Banu Asera for having given up the “freedom” of black wool tents for stone houses in the oases. The other clans consider them boastful nuisances, though grudgingly respecting them as protectors of the old Aserai ways.">
		<minor_faction_character_templates>
			<template
				id="NPCCharacter.spc_jawwal_leader_0" />
			<template
				id="NPCCharacter.spc_jawwal_leader_1" />
			<template
				id="NPCCharacter.spc_jawwal_leader_2" />
			<template
				id="NPCCharacter.spc_jawwal_leader_3" />
		</minor_faction_character_templates>
	</Faction>
	<Faction
		id="karakhuzaits"
		initial_posX="700.0"
		initial_posY="515.0"
		banner_key="34.25.10.1536.1536.764.764.1.0.0.314.22.35.444.444.764.764.0.0.270"
		label_color="FF72583B"
		color="FF72583B"
		color2="FF72583B"
		alternative_color="FF72583B"
		alternative_color2="FF72583B"
		culture="Culture.khuzait"
		default_party_template="PartyTemplate.kingdom_hero_party_karakhuzaits_template"
		settlement_banner_mesh="encounter_flag_f"
		is_minor_faction="true"
		is_outlaw="true"
		is_nomad="true"
		name="{=6BvGhzao}Karakhergit"
		tier="4"
		text="{=XJbDRBfd}The Karakhergit are one of the last nomadic clans in the western steppe. The Urkhunid khans have tried to coax them into settling down, offering them farmlands and serfs in exchange for a commitment to pay taxes and supply military levies, but they have resisted. They are treated by the other clans with a combination of envy and contempt. They trade and sometimes even intermarry with their settled brethren, but they also do a limited amount of kidnapping for ransom and raiding of flocks, and scoff at those who would blame them for carrying on with the heroic old ways.">
		<minor_faction_character_templates>
			<template
				id="NPCCharacter.spc_karakhuzaits_leader_0" />
			<template
				id="NPCCharacter.spc_karakhuzaits_leader_1" />
			<template
				id="NPCCharacter.spc_karakhuzaits_leader_2" />
			<template
				id="NPCCharacter.spc_karakhuzaits_leader_3" />
		</minor_faction_character_templates>
	</Faction>
	<Faction
		id="forest_people"
		initial_posX="195.0"
		initial_posY="399.0"
		banner_key="11.2.2.1536.1536.764.764.1.0.0.204.153.155.454.454.764.764.0.0.0"
		label_color="FF61725E"
		color="FF61725E"
		color2="FF61725E"
		alternative_color="FF61725E"
		alternative_color2="FF61725E"
		culture="Culture.vakken"
		default_party_template="PartyTemplate.kingdom_hero_party_forest_people_template"
		settlement_banner_mesh="encounter_flag_f"
		is_minor_faction="true"
		is_outlaw="true"
		is_nomad="true"
		name="{=o7ud4X2X}Forest People"
		tier="4"
		text="{=0u8ipbgn}The tribes known as the Forest People practice slash-and-burn farming in the deep woods, outside the grasp of the Sturgian boyars. They burn down tracts of trees, grow crops on the virgin soil fertilized by ash for a few years until the land is exhausted, and move on. It is an inefficient use of land but a very efficient use of labor, suitable for a numerically small population in a large area. Also, because the plots are hard to measure and tax, it's a very good strategy for people who don't care to be governed.">
		<minor_faction_character_templates>
			<template
				id="NPCCharacter.spc_forest_people_leader_0" />
			<template
				id="NPCCharacter.spc_forest_people_leader_1" />
			<template
				id="NPCCharacter.spc_forest_people_leader_2" />
			<template
				id="NPCCharacter.spc_forest_people_leader_3" />
		</minor_faction_character_templates>
	</Faction>
	<Faction
		id="eleftheroi"
		initial_posX="705.0"
		initial_posY="590.0"
		banner_key="11.154.154.1536.1536.764.764.1.0.0.108.150.155.454.454.764.764.0.0.0"
		label_color="FFA6825C"
		color="FFA6825C"
		color2="FFA6825C"
		alternative_color="FFA6825C"
		alternative_color2="FFA6825C"
		culture="Culture.empire"
		default_party_template="PartyTemplate.kingdom_hero_party_eleftheroi_template"
		settlement_banner_mesh="encounter_flag_f"
		is_minor_faction="true"
		is_outlaw="true"
		is_nomad="true"
		name="{=eC6qIOzz}Eleftheroi"
		tier="3"
		text="{=9qAWNBvA}The Eleftheroi, the free people, live on the steppelands at the edge of the Empire. Originally the descendants of runaway slaves and debtors, they soon became highly valued by the local imperial commanders for their knowledge of this frontier zone. Their leaders have been granted titles, their young men taken into the retinues of archons and emperors. But though they are now very loyal to the idea of the Empire, they remain quite hostile to its actual authority.">
		<minor_faction_character_templates>
			<template
				id="NPCCharacter.spc_eleftheroi_leader_0" />
			<template
				id="NPCCharacter.spc_eleftheroi_leader_1" />
			<template
				id="NPCCharacter.spc_eleftheroi_leader_2" />
			<template
				id="NPCCharacter.spc_eleftheroi_leader_3" />
		</minor_faction_character_templates>
	</Faction>
	<!--
  <Faction id="freemen" initial_posX="136.0" initial_posY="504.0" label_color="714833" color="714833" color2="FFFF66FF" alternative_color="FFFF66FF" alternative_color2="714833" culture="Culture.vlandia" default_party_template="PartyTemplate.kingdom_hero_party_eleftheroi_template" encounterbackgroundmesh="gui_bg_lord_empire" settlement_banner_mesh="encounter_flag_f" is_minor_faction="true" is_outlaw="true" is_nomad="true" name="Freemen of the Marshes">
  </Faction>
-->
	<!-- Aristocratic starting kingdom -->
	<Faction
		id="clan_empire_north_1"
		name="{=fXENjJJL}Osticos"
		tier="6"
		owner="Hero.lord_1_1"
		culture="Culture.empire"
		super_faction="Kingdom.empire"
		is_noble="true"
		banner_key="11.24.4.4922.4922.764.764.1.0.0.529.5.0.152.152.872.873.0.0.0.419.5.0.510.510.764.764.0.0.0.526.5.0.152.152.656.873.0.0.0.527.5.0.152.152.651.654.0.0.0.528.5.0.152.152.877.654.0.0.0" />
	<!--
	Aristocratic clan - head of west empire
	Patriarch 1_1 - Clearcos
	Lady - Very high sense of decorum
	Heir 21 - Equally strong sense of entitlement
	
	"The Osticoi are one of the oldest families in the Empire, and the wealthiest. They have always resented it when the Emperor is chosen
	from another dynasty.
	-->
	<Faction
		id="clan_empire_north_2"
		name="{=UW8BjPXR}Argoros"
		tier="5"
		owner="Hero.lord_1_3"
		culture="Culture.empire"
		super_faction="Kingdom.empire"
		is_noble="true"
		banner_key="11.24.4.4922.4922.764.764.1.0.0.142.5.0.502.502.764.676.0.0.1.142.5.0.502.502.764.852.0.0.179" />
	<!--
	Sympathetic: O
	Philosophical clan? Views Osticos as most likely to restore republic
	
	Patriarch 1_3, stoic - Stenecos
	Heir 22
	Lieutenant - loyal
	
	Volorias

	MINOR FACTION: POSITIVE ties to lost legion
	
	"The Argoroi hold to the ideals of the republic, and would probably like to see the Emperor made subject to the Senate.
	They are known for long speeches in the Senate on honor and virtue.
	Stenecos is a dour man, who expects much of himself and much of others. But they are known for being trustworthy,
	and diligent in their execution of warfare against the Empire's enemies."	
		-->
	<Faction
		id="clan_empire_north_3"
		name="{=txCNVmSV}Neretzes"
		tier="4"
		owner="Hero.lord_1_5"
		culture="Culture.empire"
		super_faction="Kingdom.empire"
		is_noble="true"
		banner_key="11.24.4.4345.4345.764.764.1.0.0.302.5.0.294.294.802.604.0.0.327.302.5.0.294.294.726.604.0.0.32.202.5.0.366.366.854.864.0.0.47.202.5.0.371.382.674.864.0.1.316.320.5.0.315.315.764.715.0.0.0" />
	<!--
	Unsympathetic: close-minded
	Patriarch (1_5) is imperial blowhard
	Heir 23 - is younger imperial blowhard
	Lieutenant	
	-->
	<Faction
		id="clan_empire_north_4"
		name="{=tA3IRBgv}Impestores"
		tier="4"
		owner="Hero.lord_1_20"
		culture="Culture.empire"
		super_faction="Kingdom.empire"
		is_noble="true"
		banner_key="11.24.4.4345.4345.764.764.1.0.0.304.5.0.454.454.914.764.0.0.0.443.5.0.510.510.764.764.0.0.0.304.5.0.426.426.614.764.0.0.0" />
	<Faction
		id="clan_empire_north_5"
		name="{=4rr3d8hY}Dolentos"
		tier="3"
		owner="Hero.lord_1_50"
		culture="Culture.empire"
		super_faction="Kingdom.empire"
		is_noble="true"
		banner_key="11.24.4.8690.8690.590.796.1.0.0.202.5.0.368.368.854.864.0.0.55.202.5.0.370.389.674.864.0.1.303.331.5.0.368.368.764.699.0.0.0" />
	<Faction
		id="clan_empire_north_6"
		name="{=9ORFG9l4}Chonis"
		tier="2"
		owner="Hero.lord_1_51"
		culture="Culture.empire"
		super_faction="Kingdom.empire"
		is_noble="true"
		banner_key="11.24.4.4345.4345.764.764.1.0.0.502.5.0.487.487.764.764.0.0.0.300.5.0.447.447.764.764.0.0.0" />
	<Faction
		id="clan_empire_north_7"
		name="{=CibaXzG8}Phalentes"
		tier="1"
		owner="Hero.lord_1_58"
		culture="Culture.empire"
		super_faction="Kingdom.empire"
		is_noble="true"
		banner_key="11.24.4.4345.4345.764.764.1.0.0.423.5.0.506.506.764.764.0.0.0.529.5.0.261.261.764.764.0.0.0" />
	<Faction
		id="clan_empire_north_8"
		name="{=SCTf5cay}Vatatzes"
		tier="3"
		owner="Hero.lord_NE8_l"
		culture="Culture.empire"
		super_faction="Kingdom.empire"
		is_noble="true"
		banner_key="11.24.4.4345.4345.764.764.1.0.0.502.5.0.510.510.764.764.0.0.0.338.5.0.487.487.764.764.0.0.0.503.5.0.109.109.764.624.0.0.0" />
	<Faction
		id="clan_empire_north_9"
		name="{=nclQqoam}Serapides"
		tier="2"
		owner="Hero.lord_NE9_l"
		culture="Culture.empire"
		super_faction="Kingdom.empire"
		is_noble="true"
		banner_key="11.24.4.8690.8690.764.764.1.0.0.401.5.0.287.287.764.764.0.0.15.401.5.0.145.145.764.764.0.0.29.503.5.0.50.48.764.764.0.0.15.423.5.0.428.438.764.764.0.0.0" />
	<!-- Populist starting kingdom - WEST-->
	<Faction
		id="clan_empire_west_1"
		name="{=OVQoC9fn}Comnos"
		tier="6"
		owner="Hero.lord_1_7"
		culture="Culture.empire"
		super_faction="Kingdom.empire_w"
		is_noble="true"
		banner_key="11.24.4.4922.4922.776.777.1.0.0.203.5.0.305.305.764.774.0.0.0.323.5.0.509.509.764.764.0.0.0" />
	<Faction
		id="clan_empire_west_2"
		name="{=a4GxTbPD}Varros"
		tier="5"
		owner="Hero.lord_1_9"
		culture="Culture.empire"
		super_faction="Kingdom.empire_w"
		is_noble="true"
		banner_key="11.24.4.4922.4922.764.764.1.0.0.337.5.0.272.272.764.672.0.0.0.301.5.0.292.292.764.916.0.0.90.301.5.0.292.292.764.844.0.0.270" />
	<!--
	Fully unsympathetic clan - terrorizes their valley
	Apokos, Father - debauched, based on Alexius Apokaukos, master schemer	
	Heir 25 - charismatic psychopath
	Heiress leads armies - equally charismatic psychopath	
	MINOR FACTION: POSITIVE ties to Hidden Ones
  -->
	<Faction
		id="clan_empire_west_3"
		name="{=tdGvElSy}Dionicos"
		tier="4"
		owner="Hero.lord_1_11"
		culture="Culture.empire"
		super_faction="Kingdom.empire_w"
		is_noble="true"
		banner_key="11.24.4.4922.4922.764.764.1.0.0.103.5.0.454.454.764.764.0.0.0" />
	<!--
	Sympathetic - Border guards - many sacrifices but much sense of entitlement
	Ancestor was Asurai emir
	Draw on Akritic ballads
	-->
	<Faction
		id="clan_empire_west_4"
		name="{=xqkKtWqa}Elaches"
		tier="4"
		owner="Hero.lord_1_40"
		culture="Culture.empire"
		super_faction="Kingdom.empire_w"
		is_noble="true"
		banner_key="11.24.4.4922.4922.764.764.1.0.0.201.5.0.454.454.914.764.0.0.180.201.5.0.454.454.764.764.0.0.0.201.5.0.454.454.614.764.0.0.180" />
	<Faction
		id="clan_empire_west_5"
		name="{=cd0yDTM1}Lonalion"
		tier="3"
		owner="Hero.lord_1_45"
		culture="Culture.empire"
		super_faction="Kingdom.empire_w"
		is_noble="true"
		banner_key="11.24.4.4922.4922.776.777.1.0.0.418.5.0.285.285.764.764.0.0.0.500.5.0.454.454.764.764.0.0.0.500.5.0.380.380.764.762.0.0.0" />
	<Faction
		id="clan_empire_west_6"
		name="{=ApJrV7bA}Sorados"
		tier="3"
		owner="Hero.lord_1_52"
		culture="Culture.empire"
		super_faction="Kingdom.empire_w"
		is_noble="true"
		banner_key="11.24.4.4922.4922.764.764.1.0.0.336.5.0.454.454.764.764.0.1.180.340.5.0.171.171.764.564.0.0.0" />
	<Faction
		id="clan_empire_west_7"
		name="{=bjemmmcF}Corenios"
		tier="3"
		owner="Hero.lord_1_53"
		culture="Culture.empire"
		super_faction="Kingdom.empire_w"
		is_noble="true"
		banner_key="11.24.4.4922.4922.764.764.1.0.0.423.5.0.454.454.764.764.0.0.1.340.5.0.300.300.764.754.0.0.0" />
	<Faction
		id="clan_empire_west_8"
		name="{=pdz4YsEf}Maneolis"
		tier="1"
		owner="Hero.lord_1_71"
		culture="Culture.empire"
		super_faction="Kingdom.empire_w"
		is_noble="true"
		banner_key="11.24.4.4922.4922.764.764.1.0.0.419.5.0.454.454.764.764.0.0.0.335.5.0.143.143.873.642.0.0.325.335.5.0.143.143.655.642.0.0.42.335.5.0.143.143.651.882.0.0.134.335.5.0.143.143.877.882.0.0.214" />
	<Faction
		id="clan_empire_west_9"
		name="{=LTWTTQ71}Palladios"
		tier="2"
		owner="Hero.lord_WE9_l"
		culture="Culture.empire"
		super_faction="Kingdom.empire_w"
		is_noble="true"
		banner_key="11.24.4.4922.4922.776.777.1.0.0.343.5.0.419.348.764.910.0.0.0.106.5.0.422.411.764.651.0.0.0.505.5.0.87.47.764.805.0.0.0" />
	<!-- Monarchist starting kingdom -->
	<Faction
		id="clan_empire_south_1"
		name="{=hrWQWgaM}Pethros"
		tier="6"
		owner="Hero.lord_1_14"
		culture="Culture.empire"
		super_faction="Kingdom.empire_s"
		is_noble="true"
		banner_key="11.24.4.4922.4922.764.764.1.0.0.200.5.0.237.237.683.905.0.0.0.200.5.0.247.237.844.906.0.1.0.326.5.0.215.206.764.714.0.1.0" />
	<!--
	Head of clan - Queen, niece of the emperor, raised abroad, blood of the Padishah as well
	Queen's consort - of imperial birth, charismatic but vindictive,
	Queen's lieutenant - 
	Queen's younger brother and sister - goodnatured
	-->
	<!--	
	Leonipardes- Plutocratic
	Patriarch #15 - Old-school aristocrat, doing something he finds distasteful to maintain his family's position
	Cunning, pragmatist heir
		"The empire is beset on all sides, it defeat its foes, it must absorb them."
	-->
	<Faction
		id="clan_empire_south_2"
		name="{=UQHUu2bj}Leonipardes"
		tier="4"
		owner="Hero.lord_1_15"
		culture="Culture.empire"
		super_faction="Kingdom.empire_s"
		is_noble="true"
		banner_key="11.24.4.4922.4922.764.764.1.0.0.214.5.0.463.463.764.764.0.0.0" />
	<!--
	Mestricaros - Long list of grievances against other large families, sided with Pathros by default
	Uncle - Cunning, frustrated
-->
	<Faction
		id="clan_empire_south_3"
		name="{=h7ujXmDx}Mestricaros"
		tier="5"
		owner="Hero.lord_1_17"
		culture="Culture.empire"
		super_faction="Kingdom.empire_s"
		is_noble="true"
		banner_key="11.24.4.4922.4922.764.764.1.0.0.108.5.0.485.485.764.644.0.0.0.325.5.0.454.454.764.844.0.0.0" />
	<!--	
	Hongeros - Turiados is a genuine autocrat. 'I would rather be ruled by the well-fed than the hungry, by one satisfied thief than a hundred frustrated thieves.'
	-->
	<Faction
		id="clan_empire_south_4"
		name="{=4Dbwdjbe}Hongeros"
		tier="4"
		owner="Hero.lord_1_30"
		culture="Culture.empire"
		super_faction="Kingdom.empire_s"
		is_noble="true"
		banner_key="11.24.4.4922.4922.764.764.1.0.0.418.5.0.147.147.604.882.0.0.0.107.5.0.454.454.764.764.0.0.0.418.5.0.147.147.924.882.0.0.0" />
	<Faction
		id="clan_empire_south_5"
		name="{=6OEQJV6k}Julios"
		tier="3"
		owner="Hero.lord_1_63"
		culture="Culture.empire"
		super_faction="Kingdom.empire_s"
		is_noble="true"
		banner_key="11.24.4.4922.4922.764.764.1.0.0.119.5.0.344.344.764.658.0.0.0.217.5.0.303.303.764.924.0.0.0.510.5.0.243.505.774.787.0.0.0" />
	<Faction
		id="clan_empire_south_6"
		name="{=BxCRDt5m}Vizartos"
		tier="3"
		owner="Hero.lord_1_54"
		culture="Culture.empire"
		super_faction="Kingdom.empire_s"
		is_noble="true"
		banner_key="11.24.4.4922.4922.764.764.1.0.0.304.5.0.366.366.763.844.0.0.0.423.5.0.420.420.763.764.0.1.0" />
	<Faction
		id="clan_empire_south_7"
		name="{=Ds2vQVwr}Avlonos"
		tier="3"
		owner="Hero.lord_1_55"
		culture="Culture.empire"
		super_faction="Kingdom.empire_s"
		is_noble="true"
		banner_key="11.24.4.4922.4922.764.764.1.0.0.510.5.0.507.55.764.1025.0.0.0.459.5.0.507.507.764.764.0.0.0.510.5.0.507.171.764.997.0.0.0.510.5.0.507.171.764.532.0.0.0.510.5.0.507.55.764.501.0.0.0" />
	<Faction
		id="clan_empire_south_8"
		name="{=8Wi66Sp2}Prienicos"
		tier="1"
		owner="Hero.lord_1_72"
		culture="Culture.empire"
		super_faction="Kingdom.empire_s"
		is_noble="true"
		banner_key="11.24.4.4922.4922.764.764.1.0.0.147.5.0.454.454.764.765.0.0.0" />
	<Faction
		id="clan_empire_south_9"
		name="{=xbkYPXCt}Vetranis"
		tier="2"
		owner="Hero.lord_SE9_l"
		culture="Culture.empire"
		super_faction="Kingdom.empire_s"
		is_noble="true"
		banner_key="11.24.4.4922.4922.764.764.1.0.0.505.5.0.460.50.764.764.0.0.0.459.5.0.150.150.660.658.0.0.0.459.5.0.150.150.871.658.0.0.0.459.5.0.150.150.871.870.0.0.0.459.5.0.150.150.660.870.0.0.0.505.5.0.460.50.765.764.0.0.10" />
	<!--
	ASURAI
	Jawwal, Ghilman0
	The Asuri, three tribes who all trace their lineage to the ancient patriarch Asur, were nomads who were established as a client kingdom to guard the Empire's south, essentially being paid to protect caravans instead of raid them. As the empire contracts they have made themselves independent, and indeed have pressed claims of marriage to the imperial throne itself.
	The leaders of the Banu Hulyan claim the title of Sultan of the Asuri. They are the richest of the clans in the south, masters of the key passes between the lake and the outer desert, and are seen by other tribes as haughty and amoral. They are close to the Ghulam, a group of warrior slaves that has converted itself to a mercenary military order.
	The Banu Sarran are recently settled bedouin, who seized the Banu Hulyan's holdings in the outer oases but were eventually accepted as clients and vassals. They are thought of as upstarts by the others, a reputation which they in fact relish. They celebrate their nomadic past with carefully poems on their success in battle over the other tribes, or in seducing the other tribes' daughters. This does not endear them to other Asuris. They maintain close ties with the Jawwal, a clan of outcasts who still keep the nomadic lifestyle.
	The Banu Qild are known as a dour ascetics, looking down from their desert fastnesses with disapproval on both the wealthy Banu Hulyan and the poor and roguish Banu Sarran. They answer readily enough to the Banu Hulyan's summons for war, but have also made hints that they may some day attempt to seize the sultanate to cleanse the Asuri lands from corruption.
	The Ghulam are an order of warrior-slaves. They originated as the bodyguard of an imperial noble who tried - and failed - to subdue the desert frontier, but during the chaos that preceded the establishment of the Asuri state they set themselves up as independent mercenaries. They purchase new recruits from slave markets across the empire, putting them through a rigorous course of training before initiating them into the order.	
	-->
	<!--Quraysh-like clan, established and mercantile -->
	<Faction
		id="clan_aserai_1"
		name="{=9Y1u2onl}Banu Hulyan"
		tier="6"
		owner="Hero.lord_3_1"
		culture="Culture.aserai"
		super_faction="Kingdom.aserai"
		is_noble="true"
		banner_key="11.156.75.4345.4345.764.764.1.0.0.212.1.0.454.454.764.764.0.0.359" />
	<!--
	Quraysh, also based on Osama Bin Munqidh, fastidious
	Patriarch, Unqidh, cautious, generous
	POSITIVE ties to Ghulam
	-->
	<!--Upstart clan, recently settled bedouin -->
	<Faction
		id="clan_aserai_2"
		name="{=fvYgmrjG}Banu Sarran"
		tier="4"
		owner="Hero.lord_3_3"
		culture="Culture.aserai"
		super_faction="Kingdom.aserai"
		is_noble="true"
		banner_key="11.156.75.4345.4345.764.764.1.0.0.223.1.0.454.454.764.764.0.0.359.515.1.0.177.177.764.764.0.0.0.500.1.0.358.358.764.764.0.0.0" />
	<!--
	Jahaliya poet boaster
	POSITIVE ties to Jawal	
	-->
	<!-- Ascetics -->
	<Faction
		id="clan_aserai_3"
		name="{=wFR1ukg9}Banu Qild"
		tier="5"
		owner="Hero.lord_3_5"
		culture="Culture.aserai"
		super_faction="Kingdom.aserai"
		is_noble="true"
		banner_key="11.156.75.4345.4345.764.764.1.0.0.446.1.0.381.381.764.764.0.0.359.309.1.0.325.325.627.764.0.0.320.309.1.0.323.323.901.764.0.0.146" />
	<Faction
		id="clan_aserai_4"
		name="{=lUfFxWlk}Banu Qaraz"
		tier="4"
		owner="Hero.lord_3_16"
		culture="Culture.aserai"
		super_faction="Kingdom.aserai"
		is_noble="true"
		banner_key="11.156.75.4345.4345.764.764.1.0.0.427.1.0.415.388.695.764.0.0.270.521.1.0.293.298.822.764.0.0.324" />
	<Faction
		id="clan_aserai_5"
		name="{=zY2TQC9t}Banu Arbas"
		tier="3"
		owner="Hero.lord_3_17"
		culture="Culture.aserai"
		super_faction="Kingdom.aserai"
		is_noble="true"
		banner_key="11.156.75.4345.4345.764.764.1.0.0.425.1.0.416.416.764.782.0.0.359.400.1.0.120.120.764.937.0.0.0.411.1.0.120.120.764.614.0.0.0" />
	<Faction
		id="clan_aserai_6"
		name="{=l6JtB97p}Banu Atij"
		tier="4"
		owner="Hero.lord_3_18"
		culture="Culture.aserai"
		super_faction="Kingdom.aserai"
		is_noble="true"
		banner_key="11.156.75.4345.4345.764.764.1.0.0.222.1.0.454.454.764.764.0.0.359.411.1.0.220.220.764.764.0.0.0" />
	<Faction
		id="clan_aserai_7"
		name="{=Aft8nsgn}Banu Sarmal"
		tier="3"
		owner="Hero.lord_3_19"
		culture="Culture.aserai"
		super_faction="Kingdom.aserai"
		is_noble="true"
		banner_key="11.156.75.4345.4345.764.764.1.0.0.426.1.0.397.397.764.688.0.0.270.208.1.0.332.332.764.873.0.0.0" />
	<Faction
		id="clan_aserai_8"
		name="{=o4wKMT9x}Banu Habbab"
		tier="1"
		owner="Hero.lord_3_22"
		culture="Culture.aserai"
		super_faction="Kingdom.aserai"
		is_noble="true"
		banner_key="11.156.75.4345.4345.764.764.1.0.0.428.1.0.454.454.764.764.0.0.359.321.1.0.354.354.764.721.0.0.359" />
	<Faction
		id="clan_aserai_9"
		name="{=NI1paia1}Banu Ruwaid"
		tier="2"
		owner="Hero.lord_A9_l"
		culture="Culture.aserai"
		super_faction="Kingdom.aserai"
		is_noble="true"
		banner_key="11.156.75.4345.4345.776.777.1.0.0.427.1.0.415.388.764.811.0.0.0.436.1.0.359.366.764.706.0.0.0" />
	<!--
	VLANDIA
	Brotherhood of the Woods
	Free Company
	Vlandian warships first came to the western shores of Calradia as traders. Then, seeing how rich the land was, they decided to take it. First the Empire fought them, then when that failed granted them noble titles and estates to make them into imperial clients, and then - when they rebelled - fought them again. Now they are an independent kingdom, known for steel-forging and their horses, and their armored riders are a constant menace to the Empire's western marches. 	
	-->
	<Faction
		id="clan_vlandia_1"
		name="{=3o5s6L3y}dey Meroc"
		tier="6"
		owner="Hero.lord_4_1"
		culture="Culture.vlandia"
		super_faction="Kingdom.vlandia"
		is_noble="true"
		banner_key="11.184.14.4922.4922.764.764.1.0.0.346.15.0.208.208.764.764.0.0.0.424.15.0.213.213.585.764.0.0.0.424.15.0.213.213.943.764.0.0.0" />
	<!--
	Derthert - Cunning but weary king, Hugh Capet, trying to retain compassion
	Derthert, of the House of Meroc, is King of the Vlandians. His subjects regard him as a decent man but a tired one. He is worn down by years of struggle against vassals who swear oaths of fealty only to break them, who see no patch of pasture so worthless, no dynastic claim so unconvincingly traced, that they will not go to war over it. His heir, Alary, retains some of the optimism and vigor of youth, and it's widely believed that he will make a popular king. The  House of Meroc thinks of commoners as a counterbalance to the nobles, and have tried to elevate them to offices of authority when possible.
  Eldest son is XXX. Dissolute, his father;s greatest headache
  Younger son is Alary, knight-errant, gallant, but loyal to father
	Heiress is Elyce, like Eleanor of Aquitaine, her father's daughter, determined to play the dynastic game to her best ability
	Lieutenant - Merteon
	
	MINOR FACTION ties to Brotherhood of the Woods
	-->
	<Faction
		id="clan_vlandia_2"
		name="{=qFntgcGy}dey Tihr"
		tier="4"
		owner="Hero.lord_4_3"
		culture="Culture.vlandia"
		super_faction="Kingdom.vlandia"
		is_noble="true"
		banner_key="11.184.14.4922.4922.764.764.1.0.0.419.15.0.454.454.764.764.0.0.0.512.15.0.125.125.653.887.0.0.0.512.15.0.125.125.875.641.0.0.0.512.15.0.125.125.869.887.0.0.0.512.15.0.125.125.653.641.0.0.0" />
	<!--
	Patriarch - Rendric.	Wealthy, entitled clan. Duc de Berry	
	Rendric of the House of Tir is wealthy and notoriously avaricious, known for squeezing every last denar out of his subjects while neglecting his duty to defend them. His son meanwhile is considered depraved, and is almost as greatly feared as the Sturgian and Battanian raiders who he allows the rampage through the northlands as he pursues his desires. Rendric's daughter Liena is considered the saving grace of the family, who has donned armor and taken on the responsibilities that her male relatives neglect.
	Heir is Furenhard - depraved and feared
	Heiress is Liena, leads armies, somewhat feckless
	Lieutenant - 	
	-->
	<Faction
		id="clan_vlandia_3"
		name="{=mpjp1MT2}dey Arromanc"
		tier="4"
		owner="Hero.lord_4_6"
		culture="Culture.vlandia"
		super_faction="Kingdom.vlandia"
		is_noble="true"
		banner_key="11.184.14.4922.4922.764.764.1.0.0.424.15.0.377.377.764.764.0.0.0.220.15.0.138.132.884.939.0.0.0.220.15.0.138.138.644.939.0.0.0" />
	<!--
	Calatild was her father's only child, and was named heir of the House of Arromanc in contrary to normal Vlandian custom. The claim to her lands staked by Ingalther of Cortain has allowed her to rally her relatives to her banner, overcoming any objections they might have to a female liege. 
	Patriarch - Untheric, consort of queen
	Queen - Calatild
	Heir, Thomund - valiant but hotheaded, conventional
	Uncle, Hecard
	Heiress 
	-->
	<Faction
		id="clan_vlandia_4"
		name="{=CS4rSk99}dey Cortain"
		tier="5"
		owner="Hero.lord_4_16"
		culture="Culture.vlandia"
		super_faction="Kingdom.vlandia"
		is_noble="true"
		banner_key="11.184.14.4922.4922.764.764.1.0.0.207.15.0.267.238.863.918.0.1.332.207.15.0.238.238.651.918.0.0.28.220.15.0.408.408.757.646.0.0.0.512.15.0.111.111.757.879.0.0.1" />
	<!--
	Fourth clan
	Ingalther, lord of the House of Cortain, seized his estate from a much older illegitimate half-brother. His ambition and sense of entitlement is extreme even by Vlandian standards. He has a dynastic claim to Arromanc lands, and has been pressing Derther to disinherit Calatild and award her lands to him. Derthert has of course refused, as this would both start a war with the Arromancs and make Ingalther twice as powerful as the king, but Ingalther nonetheless greatly resents him for it. Ingalther keeps close ties with the Free Company, a notoriously rapacious band of mercenaries whose seaside castle lies near his domains.	
	MINOR FACTIION ties to free company
	-->
	<Faction
		id="clan_vlandia_5"
		name="{=9qAUWcfa}dey Gunric"
		tier="2"
		owner="Hero.lord_4_21"
		culture="Culture.vlandia"
		super_faction="Kingdom.vlandia"
		is_noble="true"
		banner_key="11.184.14.4922.4922.764.764.1.0.0.159.15.0.452.452.764.644.0.0.0.418.15.0.270.270.764.864.0.0.0" />
	<Faction
		id="clan_vlandia_6"
		name="{=vbLAA0RF}dey Valant"
		tier="3"
		owner="Hero.lord_4_22"
		culture="Culture.vlandia"
		super_faction="Kingdom.vlandia"
		is_noble="true"
		banner_key="11.184.14.4922.4922.764.764.1.0.0.336.15.0.382.382.763.764.0.0.0.424.15.0.183.183.903.774.0.0.0.424.15.0.183.183.624.774.0.0.0.424.15.0.183.183.763.904.0.0.0" />
	<Faction
		id="clan_vlandia_7"
		name="{=LZVzzczs}dey Fortes"
		tier="3"
		owner="Hero.lord_4_23"
		culture="Culture.vlandia"
		super_faction="Kingdom.vlandia"
		is_noble="true"
		banner_key="11.184.14.4922.4922.764.764.1.0.0.141.15.0.454.454.764.764.0.0.0" />
	<Faction
		id="clan_vlandia_8"
		name="{=9NWQNInC}dey Molarn"
		tier="3"
		owner="Hero.lord_4_24"
		culture="Culture.vlandia"
		super_faction="Kingdom.vlandia"
		is_noble="true"
		banner_key="11.184.14.4922.4922.764.764.1.0.0.315.15.0.462.462.790.771.0.0.311.315.15.0.462.462.740.758.0.0.49.424.15.0.144.144.753.650.0.0.0" />
	<Faction
		id="clan_vlandia_9"
		name="{=LygSwU3i}dey Jelind"
		tier="2"
		owner="Hero.lord_4_27"
		culture="Culture.vlandia"
		super_faction="Kingdom.vlandia"
		is_noble="true"
		banner_key="11.184.14.4922.4922.764.764.1.0.0.335.15.0.499.499.764.764.0.0.0.336.15.0.186.186.764.744.0.0.0" />
	<Faction
		id="clan_vlandia_10"
		name="{=yQcZrUYi}dey Folcun"
		tier="1"
		owner="Hero.lord_4_28"
		culture="Culture.vlandia"
		super_faction="Kingdom.vlandia"
		is_noble="true"
		banner_key="11.184.14.4922.4922.764.764.1.0.0.305.15.0.444.444.764.764.0.0.0.206.15.0.480.480.658.764.0.0.17.206.15.0.480.480.870.764.0.0.194" />
	<Faction
		id="clan_vlandia_11"
		name="{=DeSGiCgF}dey Rothad"
		tier="4"
		owner="Hero.lord_V11_l"
		culture="Culture.vlandia"
		super_faction="Kingdom.vlandia"
		is_noble="true"
		banner_key="11.184.14.4922.4922.764.764.1.0.0.505.15.0.60.60.583.911.0.0.134.505.15.0.60.60.668.909.0.0.134.505.15.0.60.60.666.827.0.0.134.505.15.0.60.60.751.827.0.0.134.505.15.0.60.60.751.744.0.0.134.505.15.0.60.60.833.745.0.0.134.505.15.0.60.60.833.663.0.0.134.505.15.0.60.60.916.663.0.0.134.505.15.0.60.60.916.580.0.0.134.102.15.0.188.188.638.664.0.0.0.102.15.0.188.188.894.898.0.1.0" />
	<!--
	BATTANIA
	Minors: Wolfskins
	-->
	<Faction
		id="clan_battania_1"
		name="{=a67wFbUw}fen Gruffendoc"
		tier="6"
		owner="Hero.lord_5_1"
		culture="Culture.battania"
		super_faction="Kingdom.battania"
		is_noble="true"
		banner_key="11.23.75.4345.4345.764.764.1.0.0.456.39.0.382.382.764.834.0.0.180.413.39.0.224.224.764.614.0.0.0" />
	<Faction
		id="clan_battania_2"
		name="{=zvas3ieB}fen Derngil"
		tier="5"
		owner="Hero.lord_5_3"
		culture="Culture.battania"
		super_faction="Kingdom.battania"
		is_noble="true"
		banner_key="11.23.75.4345.4345.764.764.1.0.0.412.39.0.454.454.764.764.0.0.180" />
	<!--		
		Patriarch: Ergeon, 5_3 whitebeard, arthur-type. Submits to Gruffendoc because they realize latter's capacity to lead
		Active queen: Mywin 5_4, holds her own lands and fights in her own right
		Heir Sein 5_8
		Inactive heiress (5_11)
		Lieutenant: 5_14
	-->
	<Faction
		id="clan_battania_3"
		name="{=0m0IUnL1}fen Uvain"
		tier="4"
		owner="Hero.lord_5_5"
		culture="Culture.battania"
		super_faction="Kingdom.battania"
		is_noble="true"
		banner_key="11.23.75.4345.4345.764.764.1.0.0.427.39.0.261.261.764.869.0.0.359.133.39.0.380.380.764.696.0.0.0" />
	<!--		
	Fen Uvain
		Old house, know they lack the charisma to conquer, prefer to plot to maintain their independence
		Good ties to Wolfskins
	
		Meledir. Patriarch (5_5) - Cautious, deceitful, unctuous, 
		Inactive queen (5_6)
		Heir - Culharn (5_9) conventional
		Heiress (5_12)
		Lieutenant (5_15)
	-->
	<Faction
		id="clan_battania_4"
		name="{=k3djFmuO}fen Penraic"
		tier="3"
		owner="Hero.lord_5_14"
		culture="Culture.battania"
		super_faction="Kingdom.battania"
		is_noble="true"
		banner_key="11.23.75.4345.4345.764.764.1.0.0.132.39.0.438.438.764.814.0.0.0.302.39.0.438.438.764.714.0.0.0" />
	<Faction
		id="clan_battania_5"
		name="{=ObBvcDhJ}fen Giall"
		tier="2"
		owner="Hero.lord_5_16"
		culture="Culture.battania"
		super_faction="Kingdom.battania"
		is_noble="true"
		banner_key="11.23.75.4345.4345.764.764.1.0.0.535.39.0.189.178.814.920.0.1.0.535.39.0.178.178.692.919.0.0.0.151.39.0.425.425.764.732.0.0.0" />
	<Faction
		id="clan_battania_6"
		name="{=qoLWSdRE}fen Eingal"
		tier="3"
		owner="Hero.lord_5_17"
		culture="Culture.battania"
		super_faction="Kingdom.battania"
		is_noble="true"
		banner_key="11.23.75.4345.4345.764.764.1.0.0.504.39.0.90.90.764.942.0.0.180.503.39.0.84.84.764.760.0.0.0.406.39.0.455.455.764.764.0.0.0.504.39.0.90.90.764.587.0.0.0" />
	<Faction
		id="clan_battania_7"
		name="{=HMnHaJac}fen Morcar"
		tier="4"
		owner="Hero.lord_5_15"
		culture="Culture.battania"
		super_faction="Kingdom.battania"
		is_noble="true"
		banner_key="11.23.75.4345.4345.764.764.1.0.0.504.39.96.80.80.764.978.1.0.180.407.39.0.368.368.764.757.0.0.0.504.39.96.110.110.764.535.1.0.180" />
	<!-- fen Caernacht, resentful clan -->
	<Faction
		id="clan_battania_8"
		name="{=14GLGKNj}fen Caernacht"
		tier="1"
		owner="Hero.lord_B8_l"
		culture="Culture.battania"
		super_faction="Kingdom.battania"
		is_noble="true"
		banner_key="11.23.75.4345.4345.764.764.1.0.0.415.39.0.391.391.764.764.0.0.0" />
	<!--
	KHUZAITS
	The Khuzaits thundered into the steppes west of Lake Baetiros two generations ago, driving other nomads before them. They and their vassal tribes, the Khergit and the Arkit, seized some of the cities on the fringe of the empire. They grew rich on the caravans from the lands of the Padishah to the east, trading in their yurts for carpeted palaces. But they still lead raids into the heart of the empire, their swift horse archers spreading terror for leagues around their armies.
	(Minor faction:) The Hawlan are unsubjugated nomads, living on the fringes of the Khuzait's kingdom. Other Khuzait mock them for living only in yurts and smelling like the sheep dung they use for their fuel. They are what the Khuzait used to be, but despite this - or perhaps because of this - the newly rich, newly settled tribes treat them with scorn. Sons of Noyans have even been known to lead expeditions into the deep steppe to hunt them like animals. The Khergit however turned to them in their recent moment of crisis, using them as mercenaries.	
	-->
	<Faction
		id="clan_khuzait_1"
		name="{=CRSFOSil}Urkhunait"
		tier="6"
		owner="Hero.lord_6_1"
		culture="Culture.khuzait"
		super_faction="Kingdom.khuzait"
		is_noble="true"
		banner_key="11.25.10.4345.4345.764.764.1.0.0.449.11.0.327.349.764.649.0.0.0.449.11.0.319.339.764.879.0.0.180.510.11.0.351.240.634.764.0.0.180.510.11.0.351.240.894.764.0.0.180" />
	<!--
		The Urkhunait are ruling clan of the Khuzaits, named after the Khagan Urkhun who transformed them from squabbling bands of fierce but undisciplined nomads into a formidable machine of war. The current Khan, Tulag, is cut from this cloth. Grim, humorless, as demanding of his followers as he is of himself, he has an unblemished record on the battlefield. But the Khuzaits are no longer a hungry people, desperate for a iron-handed warlord to lead them to richer pastures, and from the comfort of their palaces many clan leaders are beginning to wonder if they too could serve as Khagan.
		Patriarch: Tulag. Aescetic.
		Valorous, Honorable, Cruel, Ungenerous
	
		Heir: overawed, 
		Heiress is warrior	
	-->
	<Faction
		id="clan_khuzait_2"
		name="{=Q1nAHnV7}Khergit"
		tier="4"
		owner="Hero.lord_6_4"
		culture="Culture.khuzait"
		super_faction="Kingdom.khuzait"
		is_noble="true"
		banner_key="11.25.10.4345.4345.764.764.1.0.0.128.11.0.454.454.764.764.0.0.0" />
	<!--
		The Khergit, or Roan Horses, were one of the first peoples to be subjugated by Urkhun. Although assimilated into his confederacy by force, they proved themselves some of his most valuable warriors, and were rewarded with extensive lands in his new conquests. War however took a heavy toll of the clan's males, and ten years ago the Arkit made a bid for their territories. Mesui, sister of a slain noyan and part of a long tradition of steppe warrior-women, led the Khergit's counter-attack. She continues to rule a clan nervous about its brush with extinction, and resentful of the Urkhunait for doing little to help them.
		Matriarch - female, widow, very conscious of her clan's brush with extinction
	
		Heir: Baybuz Energetic but sometimes weak-willed confessional 
		Valorous, deceitful, generous
	-->
	<Faction
		id="clan_khuzait_3"
		name="{=VpF6skYs}Arkit"
		tier="5"
		owner="Hero.lord_6_5"
		culture="Culture.khuzait"
		super_faction="Kingdom.khuzait"
		is_noble="true"
		banner_key="11.25.10.4345.4345.764.764.1.0.0.446.11.0.438.438.764.764.0.0.269.503.11.0.164.164.754.767.0.0.315.509.11.0.133.133.767.915.0.0.315.503.11.0.95.95.948.760.0.0.315.503.11.0.95.95.581.763.0.0.315.509.11.0.133.133.762.613.0.0.315" />
	<!--
		The Arkit, the Children of the Sky, were formerly the richest and most prestigious of the tribes in the Khuzait homelands, of which Urkhun and his followers were at first merely a humble offshoot. They followed the Khuzait hordes to the west but are not happy about living in the shadow of a less ancient lineage. Their patriarch, the noyan Monchug, models himself on Tulag but is somewhat less competent.
		Embittered elder tribe
	
		Patriarch: Honest, ungenerous, cruel like ascetic
		Heir: gallant	
	-->
	<Faction
		id="clan_khuzait_4"
		name="{=m0teef5g}Tigrit"
		tier="3"
		owner="Hero.lord_6_16"
		culture="Culture.khuzait"
		super_faction="Kingdom.khuzait"
		is_noble="true"
		banner_key="11.25.10.4345.4345.780.802.1.0.0.503.11.0.164.164.904.913.0.0.0.314.11.0.508.508.764.764.0.0.0.503.11.0.164.164.624.913.0.0.0" />
	<Faction
		id="clan_khuzait_5"
		name="{=gXeF1yKn}Harfit"
		tier="3"
		owner="Hero.lord_6_17"
		culture="Culture.khuzait"
		super_faction="Kingdom.khuzait"
		is_noble="true"
		banner_key="11.25.10.4345.4345.780.802.1.0.0.427.11.0.401.401.764.822.0.0.359.503.11.0.193.193.764.781.0.0.358.218.11.0.222.222.764.612.0.0.0" />
	<Faction
		id="clan_khuzait_6"
		name="{=kbGk2so8}Baltait"
		tier="4"
		owner="Hero.lord_6_18"
		culture="Culture.khuzait"
		super_faction="Kingdom.khuzait"
		is_noble="true"
		banner_key="11.25.10.4345.4345.764.764.1.0.0.218.11.0.194.194.807.631.0.0.359.150.11.0.444.444.764.775.0.0.0" />
	<Faction
		id="clan_khuzait_7"
		name="{=b6SEM6Ab}Koltit"
		tier="3"
		owner="Hero.lord_6_19"
		culture="Culture.khuzait"
		super_faction="Kingdom.khuzait"
		is_noble="true"
		banner_key="11.25.10.4345.4345.764.764.1.0.0.117.11.0.346.346.841.838.0.0.179.508.11.0.110.110.638.876.0.0.0.117.11.0.342.342.692.687.0.0.0.508.11.0.108.108.890.648.0.0.0" />
	<Faction
		id="clan_khuzait_8"
		name="{=W9n5iPbB}Yanserit"
		tier="1"
		owner="Hero.lord_6_20"
		culture="Culture.khuzait"
		super_faction="Kingdom.khuzait"
		is_noble="true"
		banner_key="11.25.10.4345.4345.764.764.1.0.0.427.11.0.236.236.726.768.0.0.273.427.11.0.236.236.802.760.0.0.93.503.11.0.80.80.764.764.0.0.0.510.11.0.236.165.869.644.0.0.0.510.11.0.236.165.869.884.0.0.0.510.11.0.236.165.656.884.0.0.0.510.11.0.236.165.656.644.0.0.0" />
	<Faction
		id="clan_khuzait_9"
		name="{=cYTdzMQ4}Oburit"
		tier="2"
		owner="Hero.lord_K9_l"
		culture="Culture.khuzait"
		super_faction="Kingdom.khuzait"
		is_noble="true"
		banner_key="11.25.10.4345.4345.764.764.1.0.0.427.11.0.206.176.764.667.0.0.0.503.11.0.92.87.764.642.0.0.0.218.11.0.109.90.764.572.0.0.0.510.11.0.250.300.641.862.0.0.90.504.11.0.155.92.764.769.0.0.180.510.11.0.249.300.887.862.0.0.90.504.11.0.155.92.764.957.0.0.180.503.11.0.92.87.764.859.0.0.0.510.11.0.136.131.764.814.0.0.0.510.11.0.136.131.764.907.0.0.0" />
	<!--
	STURGIA
	Jomsvikings
	-->
	<Faction
		id="clan_sturgia_1"
		name="{=A4wIVnM4}Gundaroving"
		tier="6"
		owner="Hero.lord_2_1"
		culture="Culture.sturgia"
		super_faction="Kingdom.sturgia"
		is_noble="true"
		banner_key="11.167.12.4922.4922.764.764.1.0.0.333.111.0.454.454.764.764.0.0.0" />
	<!--		
		Ruling clan, centralizing,
		Patriarch: Raganvad, Ivan/Hardrada type, minimal sense of humor
		Heir: Simir, ambitious but treated coldly by father, wants to prove self
	-->
	<Faction
		id="clan_sturgia_2"
		name="{=Eu932blQ}Kuloving"
		tier="5"
		owner="Hero.lord_2_3"
		culture="Culture.sturgia"
		super_faction="Kingdom.sturgia"
		is_noble="true"
		banner_key="11.167.12.4922.4922.764.764.1.0.0.332.111.0.471.471.764.687.0.0.0.406.111.0.202.202.764.974.0.0.1" />
	<!--		
		Old Believers, ties to Jomsvikings
		Patriarch - Olek old, ferocious	
	
		Heir - Urik, fierce but high-spirited
	-->
	<Faction
		id="clan_sturgia_3"
		name="{=mddbprXj}Vagiroving"
		tier="4"
		owner="Hero.lord_2_5"
		culture="Culture.sturgia"
		super_faction="Kingdom.sturgia"
		is_noble="true"
		banner_key="11.167.12.4922.4922.764.764.1.0.0.347.111.0.325.325.764.685.0.0.0.302.111.0.408.408.669.890.0.0.60.302.111.0.408.408.859.890.0.0.300" />
	<!--		
		Based on Icelandish explorers - independent forging outward
	
		Patriarch: Havyn
		Heir: Lek
		Uncle: Rategost - Mystic
		Heiress: Svana - heiress, leads armies
	-->
	<Faction
		id="clan_sturgia_4"
		name="{=AppNvfPv}Ormidoving"
		tier="4"
		owner="Hero.lord_2_16"
		culture="Culture.sturgia"
		super_faction="Kingdom.sturgia"
		is_noble="true"
		banner_key="11.167.12.4922.4922.764.764.1.0.0.307.111.0.350.350.758.813.0.0.180.307.111.0.350.350.768.715.0.0.0.442.111.0.261.261.667.819.0.0.180.442.111.0.261.261.859.708.0.0.0" />
	<Faction
		id="clan_sturgia_5"
		name="{=s0AVQCbJ}Togaroving"
		tier="3"
		owner="Hero.lord_2_17"
		culture="Culture.sturgia"
		super_faction="Kingdom.sturgia"
		is_noble="true"
		banner_key="11.167.12.4922.4922.764.764.1.0.0.456.111.0.443.443.764.728.0.0.359.444.111.0.102.102.764.972.0.0.179.454.111.0.102.102.868.972.0.0.179.454.111.0.102.102.659.972.0.0.359" />
	<Faction
		id="clan_sturgia_6"
		name="{=EnZHNc2k}Isyaroving"
		tier="3"
		owner="Hero.lord_2_18"
		culture="Culture.sturgia"
		super_faction="Kingdom.sturgia"
		is_noble="true"
		banner_key="11.167.12.4922.4922.764.764.1.0.0.441.111.0.454.454.764.764.0.0.359" />
	<Faction
		id="clan_sturgia_7"
		name="{=xw0eTkkb}Vezhoving"
		tier="4"
		owner="Hero.lord_2_19"
		culture="Culture.sturgia"
		super_faction="Kingdom.sturgia"
		is_noble="true"
		banner_key="11.167.12.4922.4922.764.764.1.0.0.421.111.0.455.455.764.764.0.0.0.458.111.0.116.116.742.765.0.0.0" />
	<Faction
		id="clan_sturgia_8"
		name="{=W2HkbCeX}Ubroving"
		tier="1"
		owner="Hero.lord_2_20"
		culture="Culture.sturgia"
		super_faction="Kingdom.sturgia"
		is_noble="true"
		banner_key="11.167.12.4922.4922.764.764.1.0.0.138.111.0.509.509.764.764.0.0.359" />
	<!-- Kostaroving, dominated by a matriarch allied to Olek -->
	<Faction
		id="clan_sturgia_9"
		name="{=WssI6mOE}Kostoroving"
		tier="2"
		owner="Hero.lord_S9_l"
		culture="Culture.sturgia"
		super_faction="Kingdom.sturgia"
		is_noble="true"
		banner_key="11.167.12.4922.4922.764.764.1.0.0.142.29.149.331.331.764.665.0.0.0.146.29.149.311.311.764.863.0.1.0" />
</Factions>