﻿<?xml version="1.0" encoding="utf-8"?>
<base xmlns:xsi="http://www.w3.org/2001/XMLSchema-instance" xmlns:xsd="http://www.w3.org/2001/XMLSchema" type="string">
  <tags>
    <tag language="English" />
  </tags>
  <strings>
    <string id="074YAjOk" text="You are kicked due to inactivity" />
    <string id="2SEofGth" text="Change Team" />
    <string id="4mMySbxI" text="Unspecified error" />
    <string id="a0IHtkoa" text="You are kicked by game host" />
    <string id="aKjpbRP5" text="Unknown reason" />
    <string id="EzeFJo65" text="You have been disconnected from server!" />
    <string id="IzJ7f5SQ" text="Server capacity is full" />
    <string id="JluTW3Qw" text="Game Ended" />
    <string id="JQVixeQs" text="Couldn't access game server" />
    <string id="KO2adj2I" text="You need to be in Lobby to join a custom game" />
    <string id="KQrpWV1n" text="You need be the party leader to join a custom game" />
    <string id="KRNdlbkq" text="Custom game is ending" />
    <string id="LCzAvLUB" text="Not all players' modules match with the server" />
    <string id="lxq6SaQn" text="Are you sure want to quit?" />
    <string id="Mm1Kb1bS" text="Incorrect password" />
    <string id="mO9bh5sy" text="Couldn't join custom game" />
    <string id="MVLleAaZ" text="Invite Friends" />
    <string id="O1bGoaE8" text="Server state could not be retrieved. Please try again." />
    <string id="OhF7NqSb" text="You are banned from game by poll" />
    <string id="RGzyUTzm" text="Formation arrangement switching to {ARRANGEMENT_ORDER}" />
    <string id="srAJw3Tg" text="Player is banned from server" />
    <string id="T8IniCKU" text="Game server is not available" />
    <string id="tKSxGy5p" text="Server not responding" />
    <string id="tlsmbvQX" text="Not all players are ready to join" />
    <string id="vkpMgobZ" text="Game server error" />
    <string id="wbFB3N72" text="You are kicked from game by poll" />
    <string id="wLpJEkKY" text="Battle Server Crashed" />
    <string id="WvGviFgt" text="Your connection with the server timed out" />
    <string id="Yza0JYJt" text="Change Troop" />
  </strings>
</base>