﻿<?xml version="1.0" encoding="utf-8"?>
<base xmlns:xsi="http://www.w3.org/2001/XMLSchema-instance" xmlns:xsd="http://www.w3.org/2001/XMLSchema" type="string">
  <tags>
    <tag language="English" />
  </tags>
  <strings>
    <string id="aGGq9lJT" text="Change Culture" />
    <string id="dismissnotification" text="Dismiss" />
    <string id="InUAmnX4" text="You are kicked due to friendly damage" />
    <string id="ivKntfNA" text="Already requested to join, waiting for server response" />
    <string id="Tauk2JzA" text="Version mismatch, Server Version: {SERVERVERSION} - Your Version: {CLIENTVERSION}." />
  </strings>
</base>