﻿<?xml version="1.0" encoding="utf-8"?>
<base xmlns:xsi="http://www.w3.org/2001/XMLSchema-instance" xmlns:xsd="http://www.w3.org/2001/XMLSchema" type="string">
  <tags>
    <tag language="English" />
  </tags>
  <strings>
    <string id="0H1Pg2RF" text="Change the value of friendly ranged damage." />
    <string id="0jMXI0qT" text="Culture of the defender team in the next game." />
    <string id="3HgzxHqT" text="Change the value of friendly melee damage." />
    <string id="3MiLBVAH" text="Allow usage of archer troops in game." />
    <string id="4FVIuqsl" text="{ALIVE}/{TOTAL}" />
    <string id="5VIbo2Cb" text="No connection could be established to the lobby server. Check your internet connection and try again." />
    <string id="6yTHziN5" text="Allow Horse Archers" />
    <string id="8D8KuKxk" text="Apply all changes and start a new mission." />
    <string id="9k0H0xu0" text="Round Time Limit" />
    <string id="A8cfFDDA" text="Select player to mute" />
    <string id="aJGlM29l" text="Select a player to ban." />
    <string id="ApQhQe6u" text="Round time limit in the next game." />
    <string id="AVDDCWhv" text="End Warmup" />
    <string id="bbAenhoO" text="Next Map" />
    <string id="CeERJpan" text="Defender Culture" />
    <string id="cS0Hafjl" text="Player does not have access to multiplayer." />
    <string id="daq8AjgZ" text="Change the value of reflective friendly melee damage." />
    <string id="DdOgvhsV" text="Kick" />
    <string id="dh58faQO" text="Number of rounds" />
    <string id="EgTUzWUz" text="Name Can't Be Empty!" />
    <string id="eqlDbB8M" text="Team Balance Treshold" />
    <string id="FB9tHuWF" text="Allow usage of infantry troops in game." />
    <string id="H72xVNwz" text="Allow Infantry" />
    <string id="hvQSOi79" text="Bot" />
    <string id="ih2t4B8E" text="Change the value of reflective friendly ranged damage." />
    <string id="INDojxSb" text="Select a player to mute." />
    <string id="iTZkSZXI" text="Allow usage of cavalry troops in game." />
    <string id="jw2VQYeK" text="Select player to ban" />
    <string id="ksq1IBh3" text="No connection" />
    <string id="kwo09aDm" text="Apply and Start Mission" />
    <string id="lf1eQ0tB" text="Map Time Limit" />
    <string id="ljHPjjmX" text="Could not invite player to the game" />
    <string id="lVfmVHbz" text="Login Failed" />
    <string id="lZxxVl17" text="Select a player to kick." />
    <string id="MbXatV1Q" text="Disconnected" />
    <string id="nboyCQpj" text="Allow Cavalry" />
    <string id="ndCjGgEj" text="Total number of rounds in the next game." />
    <string id="ok1CD7dH" text="Next map to play." />
    <string id="oPOa77dI" text="Logged out of platform" />
    <string id="P8dk4qSf" text="Allow usage of horse archer troops in game." />
    <string id="PfnS8HUd" text="Premade game type is invalid!" />
    <string id="pzudHx88" text="Friendly Ranged Damage" />
    <string id="Q6HPNb6Q" text="Set warmup timer to maximum of 30 seconds." />
    <string id="RENeJbg5" text="Maximum number of players in the next game." />
    <string id="RKNTl0Tn" text="Select player to kick" />
    <string id="rM8pc48r" text="Mute Player" />
    <string id="S5Ayobba" text="Warmup time limit in the next game." />
    <string id="SfJgnzdq" text="Mute" />
    <string id="sGDo0mxT" text="Attacker Culture" />
    <string id="t3gnpiHl" text="Change the team balance treshold value." />
    <string id="TcBcNdSE" text="Immediate Effects" />
    <string id="tzcK3R0v" text="Maximum Number of Players" />
    <string id="ueFrMu6i" text="Next game type." />
    <string id="uNrXwGzr" text="Only practice matches are allowed with your current party. All members should be in the same clan for a clan match." />
    <string id="v1DiZaoK" text="Change the server welcome message." />
    <string id="VpQZquwB" text="Friendly Melee Damage" />
    <string id="wFlbhObU" text="Allow Archers" />
    <string id="wLTiwbBt" text="Friendly Reflective Melee Damage" />
    <string id="wsOUaxf4" text="Culture of the attacker team in the next game." />
    <string id="xa8i1dM1" text="Mission Options" />
    <string id="xgps8dXU" text="Time limit in the next game." />
    <string id="xRw8aDFr" text="Next Game Type" />
    <string id="XwZTiF8l" text="Warmup Time Limit" />
    <string id="Za3U3MY4" text="Actions" />
    <string id="ZYw87dlh" text="Friendly Reflective Ranged Damage" />
  </strings>
</base>