﻿<?xml version="1.0" encoding="utf-8"?>
<base xmlns:xsi="http://www.w3.org/2001/XMLSchema-instance" xmlns:xsd="http://www.w3.org/2001/XMLSchema" type="string">
  <tags>
    <tag language="English" />
  </tags>
  <strings>
    <string id="0647tsif" text="Profile" />
    <string id="08KLQa3P" text="Waiting For Party Members" />
    <string id="0af2iQvw" text="Clan doesn't have any announcements" />
    <string id="0DnHFlia" text="Not In a Clan" />
    <string id="0FVlAbbJ" text="Gold III" />
    <string id="0tUYng4e" text="Leveled Up!" />
    <string id="18yFEEIL" text="Estimated wait time" />
    <string id="1A1t1naG" text="You have left a ranked game in progress. Please reconnect to the game." />
    <string id="1imGhhZl" text="Assists" />
    <string id="1pwQgr04" text="Matchmaking Request" />
    <string id="1UaxKbn6" text="Returning to the Lobby..." />
    <string id="2baWg4Gq" text="Host" />
    <string id="2faDtaGz" text="Gold I" />
    <string id="2FaZ6E1k" text="Kill Death Ratio" />
    <string id="2KZLf51A" text="Evaluation Matches Finished" />
    <string id="2YIVRuRa" text="Remove From Friends" />
    <string id="36ll5uSI" text="Restore to defaults" />
    <string id="4dRTWSN3" text="Points" />
    <string id="4gfAb1ar" text="Select a Slot" />
    <string id="4nr9Km6t" text="Losses" />
    <string id="4ZE6i9nW" text="Leave Clan" />
    <string id="56FyokuX" text="Game mode is casual" />
    <string id="58O7bWrD" text="Manage Taunts" />
    <string id="5baU17n0" text="Matchmaking feature is currently disabled" />
    <string id="5coyTZOI" text="Game is starting!" />
    <string id="5gGyaTPL" text="Reconnect" />
    <string id="5Pea977J" text="Faction: " />
    <string id="5Z0pvuNL" text="Level {LEVEL}" />
    <string id="5zNfxZ7B" text="War Prince" />
    <string id="65oGXBYQ" text="Create" />
    <string id="67hsZZor" text="Are you sure want to leave your clan?" />
    <string id="6MQaCah5" text="Join a Game" />
    <string id="6mrCNU5U" text="You will obtain this taunt" />
    <string id="6mZymVS8" text="You are at the final rank" />
    <string id="6zYeU0VO" text="Disconnected from a match" />
    <string id="76HlhP7r" text="You have to give leadership to another member to leave" />
    <string id="77jmd4QF" text="Mute Permanently" />
    <string id="7APa598U" text="Kills With a Siege Engine" />
    <string id="7gQkFJqA" text="{RATING} points remaining to next rank" />
    <string id="7jMnNlXG" text="Change Arena Preference" />
    <string id="7R0i82Nw" text="Change Sigil" />
    <string id="7uILxbP5" text="You will obtain this item" />
    <string id="7vbGaapv" text="Your Loot: {LOOT}" />
    <string id="8DSymjRe" text="Left Stance" />
    <string id="8eZFlPVu" text="Deaths" />
    <string id="8nJFaJio" text="Password" />
    <string id="942B3LfA" text="Decline Friend Request" />
    <string id="9ET13VOe" text="Average Score" />
    <string id="9FSk2daF" text="Captains Killed" />
    <string id="9hJtoWot" text="Gold II" />
    <string id="9M4G8DDd" text="Your team was wiped out" />
    <string id="9P0VL49j" text="You don't have access to multiplayer." />
    <string id="9w9JsBYP" text="Leave party" />
    <string id="9wIj2rFH" text="Option is not applied yet." />
    <string id="a9TcHtVw" text="Faction B" />
    <string id="AaAcmalE" text="You've been invited to join a party by" />
    <string id="aalbxe7z" text="Army Size" />
    <string id="ab2cbidI" text="Total Score" />
    <string id="aB4Md0if" text="Has players" />
    <string id="aBCi76ig" text="Show More" />
    <string id="abxndmIh" text="Social" />
    <string id="ADPaaX8R" text="Best Players of This Battle" />
    <string id="aeDp7IEK" text="Usable with {USAGE}" />
    <string id="Agtv9l7S" text="This Name Already Exists" />
    <string id="AGUXiN8u" text="Voivode" />
    <string id="aO3avkK9" text="Matchmaking Disabled" />
    <string id="aRzlp5XH" text="CREATE" />
    <string id="aVixswW5" text="Team Selection" />
    <string id="avYRbfHA" text="Cancel Equip" />
    <string id="aWzdkfvn" text="Currently you are not a member of a clan or you don't own a clan. You need to create a party from non-clan member players to form your own clan." />
    <string id="aZnS9ECC" text="Invite" />
    <string id="AZSbwcG5" text="Mute All" />
    <string id="B1KQ4i9q" text="Badge is not earned yet. Please check conditions." />
    <string id="b2aqL7T2" text="Lost" />
    <string id="b31ITmm0" text="Stack Amnt." />
    <string id="B5bcj3pC" text="Owned" />
    <string id="b5HkM0tT" text="Undecided" />
    <string id="Ba50zU7Z" text="Change" />
    <string id="BBmEESTT" text="This server allows optional modules." />
    <string id="BcEN71ts" text="Player wants to join your party." />
    <string id="bD8nTS86" text="Rarity" />
    <string id="BDdVhfuJ" text="Favorites" />
    <string id="bExIl1A2" text="Name Length Is Invalid" />
    <string id="bhQiSzOU" text="Profile is not available" />
    <string id="bn0v5ST0" text="Promoted!" />
    <string id="bON4Kn6B" text="Auto Assign" />
    <string id="BrYUHFsg" text="CHOOSE GAME" />
    <string id="BSUteZmt" text="Accept Friend Request" />
    <string id="BUOtUW1u" text="{RATING} Points" />
    <string id="BUQsaZMg" text="Blocks Movement on Usage" />
    <string id="bXAIlBHv" text="Can not contain offensive language" />
    <string id="BXI1ObU8" text="Promote To Clan Officer" />
    <string id="bynNUfSr" text="Your party does not have enough members to create a clan." />
    <string id="BZcFB1My" text="Please wait while you are reconnecting to the game" />
    <string id="c0ZdKSkn" text="Waiting" />
    <string id="c6c9eYrD" text="Enemy team ran out of morale" />
    <string id="C7OHivNl" text="Your friend &lt;a style=&quot;Strong&quot;&gt;&lt;b&gt;{PLAYER_NAME}&lt;/b&gt;&lt;/a&gt; wants you to invite the player below to your party." />
    <string id="CacPs8hA" text="Bronze I" />
    <string id="CIVPNf2d" text="Remove Permanent Mute" />
    <string id="cl2DnRYR" text="Name Should Not Contain Offensive Words" />
    <string id="clxT9H4T" text="Type Your Name" />
    <string id="CNR4cZwZ" text="Modules compatible" />
    <string id="cO2FDHCa" text="Duel with {OPPONENT_NAME} is starting in {DUEL_REMAINING_TIME} seconds." />
    <string id="CW2JkWzC" text="Are you sure want to delete this announcement?" />
    <string id="cw5QyeRU" text="Report Reason" />
    <string id="d7ysGcsN" text="Remove Friend" />
    <string id="D9zIAw9y" text="Clan Invite" />
    <string id="DAVb2Pzg" text="Charge Dmg." />
    <string id="Dbkx4v90" text="ROUND LOST" />
    <string id="Dc3fFblo" text="Enemy team had the upper hand at timeout" />
    <string id="dkPL25g9" text="Waiting for an opponent team" />
    <string id="dMdmyb3Y" text="Password Protected" />
    <string id="DraJ6bxq" text="Vote for the Next Map" />
    <string id="DUrxKsJj" text="Silver I" />
    <string id="DyeaObj5" text="Please cancel game search request before logging out." />
    <string id="E0q43haK" text="Please wait until you are logged in." />
    <string id="E3Bqugs0" text="Unranked" />
    <string id="e3IeNR9W" text="Bronze II" />
    <string id="ebUrBmHK" text="Price" />
    <string id="ECb8IPbA" text="Create Clan" />
    <string id="eCOJSSUH" text="({BOT_COUNT} Bots)" />
    <string id="EFU3uo0y" text="You've gained {POINTS} points" />
    <string id="ehkVpzpa" text="Unable to get cosmetic information" />
    <string id="EQAjujjO" text="Clan creation information can't be retrieved" />
    <string id="eQPSEUml" text="Abandoned" />
    <string id="erp8X0KD" text="+{LOOT} from badges" />
    <string id="Etjqamlh" text="{PLAYER_COUNT} Players" />
    <string id="eWPN3HmE" text="Hero of Battania" />
    <string id="F2h2cT4q" text="Khan's Chosen" />
    <string id="F70rOpkK" text="Captain" />
    <string id="F7dBjl83" text="Custom Battle feature is currently disabled" />
    <string id="FaKWQccs" text="Gold Gained From Objectives" />
    <string id="FD7EQDmW" text="Looking for game" />
    <string id="fdR3xpBS" text="MVP Badges" />
    <string id="ffjTMejn" text="Stats" />
    <string id="FgaORzy5" text="Declined" />
    <string id="FgFUsncP" text="Descending" />
    <string id="FhnKJODX" text="Faction A" />
    <string id="FjmxNxZJ" text="Tag Has Invalid Characters In It" />
    <string id="FKe05WtJ" text="Kills" />
    <string id="fLddxLjh" text="Invite to Clan" />
    <string id="ftoSCQ0x" text="Length" />
    <string id="FzFqhHKU" text="Not enough loot" />
    <string id="g1lgiwn1" text="Not Logged In" />
    <string id="g5W32uf4" text="Type Your Announcement" />
    <string id="GAZ5QLZi" text="Unarmed" />
    <string id="gcl2duJH" text="Reset your badge" />
    <string id="gGa3ZhqN" text="This player will be muted automatically." />
    <string id="GGseMDd3" text="Durability" />
    <string id="ghjSIyIL" text="Choose Culture" />
    <string id="gk5dCG1j" text="kick" />
    <string id="goQ0MZhr" text="This player does not have an active Bannerlord player profile." />
    <string id="gowlLS2b" text="Demote From Clan Officer" />
    <string id="GPfkMajw" text="Battle Ended" />
    <string id="gqNxq11A" text="Objectives" />
    <string id="GRpGNYHW" text="Promote To Clan Leader" />
    <string id="GXosklej" text="Casual" />
    <string id="gzdNEM76" text="Create a Game" />
    <string id="hbwp3g3k" text="+{FRIEND_COUNT} {newline} {?PLURAL}friends{?}friend{\?}" />
    <string id="hCNnqVgK" text="Tag Has Invalid Content" />
    <string id="HGqvwRJt" text="Silver III" />
    <string id="hPbppi6E" text="Not At The Lobby" />
    <string id="HUndnpNw" text="Demoted!" />
    <string id="HXWpxvgT" text="{ACTION} ({SECONDS})" />
    <string id="HXxNfncd" text="End of Battle" />
    <string id="i0OEsfLt" text="Custom Battle Disabled" />
    <string id="i2mNBaxE" text="Obtain" />
    <string id="i3dJSlD0" text="No team had the upper hand at timeout" />
    <string id="iCaRFZpG" text="along with these players" />
    <string id="Ie9I2Bha" text="Thrust Dmg." />
    <string id="iKtIhlbo" text="Rounds" />
    <string id="imUnCFgZ" text="Reset preview" />
    <string id="iNqucBor" text="Logging In" />
    <string id="IS4SifJG" text="Won" />
    <string id="Ise5gWw3" text="{PLAYED_GAMES} / {TOTAL_GAMES} Evaluation matches played" />
    <string id="Iu2eFSsh" text="Infantry Wins" />
    <string id="J0vjDOFO" text="Thrust Spd." />
    <string id="J2wEawTl" text="Category" />
    <string id="J5rb5YVV" text="/ {SCORE}" />
    <string id="JdEiK70R" text="Clan Leaderboard" />
    <string id="jjO2m4bY" text="You don't have the map ({MAP_NAME}) being played on the server or the local map is not identical. Download the map from the server if you would like to join it." />
    <string id="jPXglGWT" text="Enemy team was wiped out" />
    <string id="JTMegIk4" text="Accepted" />
    <string id="JY2pBVHQ" text="Announcements" />
    <string id="JYIURZLb" text="+{LOOT} from match" />
    <string id="jyJXcOLe" text="Tag Should Not Contain Offensive Words" />
    <string id="k7fJ7TF0" text="Has to be at least" />
    <string id="K8CGzQYL" text="Received Requests" />
    <string id="kF3b8cH1" text="Create Your Clan" />
    <string id="kG0xuyfE" text="Armory" />
    <string id="klkYFik9" text="You've already reported this player." />
    <string id="KOVHgkVq" text="Voting Ends In:" />
    <string id="kVII0pqT" text="Show Gamercard" />
    <string id="Kvqb1lQR" text="{SCORE} Score" />
    <string id="L3DJHTdY" text="Enter Bannerlord ID" />
    <string id="L6eaNe2q" text="Are you sure want to kick {MEMBER_NAME} from clan?" />
    <string id="lGbrWyEe" text="Cancel Friend Request" />
    <string id="lO1hok44" text="Name Has Invalid Characters In It" />
    <string id="lQ0T2pbY" text="Events &amp; Announcements" />
    <string id="LrE2cUnG" text="Currently Disabled" />
    <string id="lugGPVOb" text="Login" />
    <string id="lWDq0Uss" text="JOIN" />
    <string id="lX9Qx7Wo" text="Next Game Starts In:" />
    <string id="LzdUwRJo" text="Select a region for Quick Play and Custom Game" />
    <string id="mFMPj9zg" text="Searching for matches" />
    <string id="MjnlWhih" text="Tag Length Is Invalid" />
    <string id="mOmFzU78" text="Ascending" />
    <string id="MPgnsZoo" text="Waiting for response" />
    <string id="mprankgeneral" text="General" />
    <string id="MS4Ng2iw" text="Are you sure want to promote {MEMBER_NAME} as clan officer?" />
    <string id="MsokbMx2" text="Does not support Clan feature" />
    <string id="MxRJ4CWL" text="This option won't take effect until next mission." />
    <string id="N0DXasar" text="Reconnecting" />
    <string id="n6yb5VCI" text="Achievement Badges" />
    <string id="NaZ6xg33" text="Couldn't find an applicable server to join." />
    <string id="NJolh9ye" text="Recent Games" />
    <string id="nLdQvaRK" text="Arena preference updated to {ARENA_TYPE}." />
    <string id="NMh61YLB" text="Are you sure you want to exit?" />
    <string id="nqYaiEo2" text="My Badges" />
    <string id="NUSH5bJu" text="{EXPERIENCE} exp to next level" />
    <string id="NwiYsUwm" text="Clan doesn't have a description" />
    <string id="nWJGjCgy" text="characters" />
    <string id="oeSrXaKt" text="You need to demote one of the officers" />
    <string id="oF27vprQ" text="Vote for the Next Culture" />
    <string id="oFWcihyW" text="Disband Clan" />
    <string id="Ogr2N5bx" text="Accept request to join to your party?" />
    <string id="OiWquyWY" text="You have to be the leader of the party to create a clan" />
    <string id="OJbpmlXu" text="Ranged" />
    <string id="oMiNaY1E" text="Posted By" />
    <string id="oMYz0PvL" text="You've lost {POINTS} points" />
    <string id="OUvFT99g" text="Tag" />
    <string id="ovqtG4LS" text="Show PlayStation™Network Profile" />
    <string id="oYS9sabI" text="(optional)" />
    <string id="oyVeCtlg" text="Roster" />
    <string id="OzifZbSB" text="Match Type" />
    <string id="ozREO8ev" text="Change Bannerlord ID" />
    <string id="P1MybNr7" text="Delete Announcement" />
    <string id="P5Z9owOy" text="Sigil" />
    <string id="P7moPm3F" text="Set as party leader" />
    <string id="p83IO9ls" text="You must select a culture" />
    <string id="partykick" text="Kick" />
    <string id="PE5LqC9O" text="Team Matches" />
    <string id="pguhTmXw" text="Battle Results" />
    <string id="Po8jNaXb" text="Can only contain letters" />
    <string id="pSb1P6ZA" text="Are you sure want to demote {MEMBER_NAME} from clan officers?" />
    <string id="pSheKLB4" text="Spectator" />
    <string id="Pwi1YCjH" text="Copy Bannerlord ID" />
    <string id="q2Y7aHSF" text="Invite Suggestion" />
    <string id="q3uBjUyB" text="Player wants to join your party through your party member &lt;a style=&quot;Strong&quot;&gt;&lt;b&gt;{PLAYER_NAME}&lt;/b&gt;&lt;/a&gt;." />
    <string id="Q50X65NB" text="Classes" />
    <string id="q7VcSSbp" text="Choose Sigil" />
    <string id="qa9aOxLm" text="Do you want to join this clan?" />
    <string id="QDNcl3DH" text="Party Invitation" />
    <string id="qe46yXVJ" text="LOCKED FOR BALANCE" />
    <string id="qFPBhVh4" text="Refresh" />
    <string id="QfTt7YRB" text="Fire Rate" />
    <string id="qipBkhys" text="Cavalry Wins" />
    <string id="qTYsYJ9V" text="Send" />
    <string id="QvDxB57o" text="{STR1} | {STR2}" />
    <string id="QwbVdMLi" text="Sent Requests" />
    <string id="qyuhC21P" text="wants to {ACTION}" />
    <string id="r223yChR" text="Overview" />
    <string id="R28ac5ij" text="{NUMBER} Players" />
    <string id="r5WzivPb" text="Round Time" />
    <string id="RbazQjFt" text="Match is Finished" />
    <string id="Rc95Kq8r" text="Please wait..." />
    <string id="RCuCoVgd" text="ROUND WON" />
    <string id="re37GzKI" text="Party Join Request" />
    <string id="RfXJdNye" text="Players" />
    <string id="Rhcberxf" text="Awaiting Server" />
    <string id="RNgWFLIO" text="Swing Dmg." />
    <string id="Rov73lC3" text="Unsaved Changes" />
    <string id="RSx1e5Wf" text="Edit Character" />
    <string id="rWm5udCd" text="You must enter a valid Bannerlord ID" />
    <string id="RzROgBkv" text="Invite To Party" />
    <string id="S2bKbhTc" text="AUTO FIND GAME" />
    <string id="S8pZEPni" text="Kick From Clan" />
    <string id="saZ1OvPt" text="You can press the login button to establish connection" />
    <string id="sEbeLmZP" text="This server does not allow optional modules." />
    <string id="sFDrUfNR" text="ban" />
    <string id="SIIgjILk" text="Community Games" />
    <string id="SoQcsslF" text="CURRENT TEAM" />
    <string id="sPkRekRL" text="Customization" />
    <string id="SS5WyUWR" text="Duels Won" />
    <string id="sWnQva5O" text="Current Rank" />
    <string id="SwSaXwQg" text="exp" />
    <string id="SzRVIPeZ" text="Unmute All" />
    <string id="tC9C8TLi" text="Add Friend" />
    <string id="tidE1V1k" text="Accept duel" />
    <string id="tjioq56N" text="Friend List" />
    <string id="Tlc2buKG" text="Is Official" />
    <string id="tSMckUw3" text="Invite Members" />
    <string id="tTwQsP6j" text="Player does not exist" />
    <string id="TzYWE9tA" text="No Recent Games Found" />
    <string id="u0HNU5pA" text="You have unsaved changes. Do you want to apply them before you continue?" />
    <string id="U4dzbzNb" text="Please wait while you are being connected to the server" />
    <string id="UEgS8RcB" text="Name Has Invalid Content" />
    <string id="ulzyykHO" text="This Tag Already Exists" />
    <string id="uOrwqeQl" text="You must select a sigil icon" />
    <string id="uoVKchoC" text="Region" />
    <string id="usLhlY2j" text="Please wait until player data is downloaded." />
    <string id="uTXYEAOg" text="[{STR}]" />
    <string id="uUoSmCBS" text="In Bannerlord" />
    <string id="UwkpJq9N" text="Add As Friend" />
    <string id="V0bpuzV3" text="Preview as" />
    <string id="V0k0urbO" text="Item obtained" />
    <string id="V2lpn6dc" text="Your Bannerlord ID changing request has been successfully sent." />
    <string id="V305MaOP" text="Online" />
    <string id="v4hVLpap" text="Invite Players to Clan" />
    <string id="v6J8ILV3" text="No password" />
    <string id="VFqoa6vD" text="Do you want to invite this player to your party?" />
    <string id="vlACTion" text="You've unlocked all badges!" />
    <string id="vW1VgmaP" text="Are you sure want to disband your clan?" />
    <string id="vw6Va7ho" text="There are currently no players in the leaderboard." />
    <string id="W4DLzPSb" text="Server not full" />
    <string id="W51HSyXy" text="Press {VIEW_OPTIONS_KEY} to view options" />
    <string id="wGjQgQlY" text="Next Game begins in:" />
    <string id="WHKG5Rbq" text="This team wants to join the match you created." />
    <string id="wkIVxzV6" text="Apply and Start Mission" />
    <string id="wlz3eQWp" text="No permission to invite player." />
    <string id="wNAl9o4A" text="You received an invite from" />
    <string id="WOQZBmMx" text="Servers" />
    <string id="wTtyFa89" text="PLAY" />
    <string id="wuKqRvc3" text="Game: {GAME_TYPES}  |  Region: {REGIONS}" />
    <string id="WW2N3zJf" text="Wins" />
    <string id="wwbIcqsq" text="Conqueror" />
    <string id="wyKhcvbd" text="Ranged Wins" />
    <string id="WZQnNSwV" text="Apply Changes" />
    <string id="x1HZy70i" text="Your team had the upper hand at timeout" />
    <string id="XEGaQB2G" text="Rank Progression" />
    <string id="XJTX8w8M" text="Warmup Phase - {GAME_MODE}\nWaiting for players to join" />
    <string id="xkV9g4le" text="Do you accept them as your opponent?" />
    <string id="XKWGPrYt" text="Siege Engines Destroyed" />
    <string id="Xsq7z0PG" text="Bronze III" />
    <string id="XtVZe9cC" text="Item can not be obtained" />
    <string id="xxuzZJ3G" text="Your team ran out of morale" />
    <string id="y1AGNqyV" text="Clan creation is not available" />
    <string id="yA45PqFc" text="FIND GAME" />
    <string id="YAaAlbkX" text="Avg. Playtime" />
    <string id="yI9EV0II" text="Special Badges" />
    <string id="yJsE4Ayo" text="Swing Spd." />
    <string id="YLPJWgqF" text="Challenge" />
    <string id="YLZV7dxI" text="This arena type is already the preferred one." />
    <string id="yQ0p8Glo" text="Select Culture" />
    <string id="yQstzabbe" text="Close" />
    <string id="yUpH2mQ4" text="Ammo" />
    <string id="Z0TW2cub" text="Are you sure want to promote {MEMBER_NAME} as clan leader? You will lose your leadership." />
    <string id="ZAejS7WF" text="Select players to invite to your clan" />
    <string id="zEMWM4h3" text="Already In a Clan" />
    <string id="zpAamvDv" text="Silver II" />
    <string id="zravuI1b" text="Type Clan Information" />
    <string id="Zv1lg272" text="Offline" />
    <string id="ZwN6rzTC" text="No permission" />
    <string id="ZYF2t1VI" text="Officer" />
  </strings>
</base>