﻿<?xml version="1.0" encoding="utf-8"?>
<base xmlns:xsi="http://www.w3.org/2001/XMLSchema-instance" xmlns:xsd="http://www.w3.org/2001/XMLSchema" type="string">
  <tags>
    <tag language="English" />
  </tags>
  <strings>
    <string id="5bbkOm7r" text="Map already exists at '{MAP_PATH}', delete this directory first if you want to re-download" />
    <string id="5ZkdGgnQ" text="Failed to retrieve map list of '{HOST_ADDRESS}'" />
    <string id="7DKw0JRu" text="Download Failed" />
    <string id="977S9OkT" text="Select all" />
    <string id="a9HJ7K6I" text="Download" />
    <string id="adg8E1oP" text="Downloading..." />
    <string id="DCA5b0nV" text="Couldn't join custom game as Admin" />
    <string id="DluuLzfU" text="'{MAP_NAME}' already exists, should it be deleted and replaced? This action is IRREVERSIBLE." />
    <string id="dOoPRBjm" text="Unselect all" />
    <string id="E8bDYaJq" text="This map already exists at {MAP_PATH}" />
    <string id="ebuelCXT" text="Open Download Panel" />
    <string id="fy9RJLYf" text="(Currently playing)" />
    <string id="FzG3CmEe" text="Join as Admin" />
    <string id="GkwbPV4s" text="Maps available for '{SERVER_NAME}'" />
    <string id="iRossEAk" text="Failed to inform game engine about the new scene '{SCENE_NAME}'" />
    <string id="lTiacca1" text="Failed to download map file '{MAP_NAME}'" />
    <string id="maLeU9XO" text="The map played on the server may not be identical to the local version." />
    <string id="MNXyaVCT" text="Enter Admin Password" />
    <string id="oaNqdada" text="Failed to save map scene '{MAP_NAME}'" />
    <string id="qhrPpmhu" text="Download Complete" />
    <string id="qMfaQ3fz" text="{DOWNLOADED_COUNT} of {TOTAL_COUNT}" />
    <string id="Urgon7l2" text="'{MAP_NAME}' was downloaded, but another module already has a scene with this name. To play the new scene, restart the game without that module/scene." />
    <string id="vLSXeRnK" text="Download Panel" />
    <string id="wdxXylLz" text="The map '{MAP_NAME}' has been successfully downloaded." />
    <string id="zifpttFx" text="{MAP_COUNT} maps have been successfully downloaded." />
  </strings>
</base>