﻿<?xml version="1.0" encoding="utf-8"?>
<base xmlns:xsi="http://www.w3.org/2001/XMLSchema-instance" xmlns:xsd="http://www.w3.org/2001/XMLSchema" type="string">
  <tags>
    <tag language="English" />
  </tags>
  <strings>
    <string id="3o9AO00M" text="Server is full." />
    <string id="7G7lu7az" text="Can not send invitations." />
    <string id="AMC6QRxz" text="Already in players party." />
    <string id="bjhBPJDF" text="Invitation Failed!" />
    <string id="BLw3AJjM" text="There are no friends available to invite." />
    <string id="oZ326SFY" text="Could not join game." />
    <string id="tak1GATd" text="You're not in an ongoing game." />
    <string id="vIonllGr" text="Lobby Mismatch" />
    <string id="WJSbJHbn" text="Join Failed" />
    <string id="wX4iXK22" text="Could not join lobby session, player is not in a correct state." />
    <string id="x9YcKgLf" text="Friends list can't be shown." />
    <string id="XlPML483" text="Select a player to invite" />
  </strings>
</base>