﻿<?xml version="1.0" encoding="utf-8"?>
<Items>
	<Item
		id="dragon_banner"
		name="{=A1QabTDA}Dragon Banner"
		is_merchandise="false"
		body_name="bo_mace_a"
		recalculate_body="true"
		mesh="dragon_banner_weapon"
		prefab="dragon_banner_weapon"
		culture="Culture.empire"
		using_tableau="true"
		value="4"
		weight="0.2"
		Type="Banner"
		item_holsters="abdomen_left">
		<ItemComponent>
			<Banner
				banner_level="1"
				effect="IncreasedMeleeDamageAgainstMountedTroops"
				weapon_class="Banner"
				weapon_balance="100"
				thrust_speed="78"
				speed_rating="97"
				missile_speed="0"
				weapon_length="150"
				swing_damage="6"
				swing_damage_type="Blunt"
				item_usage="banner"
				physics_material="metal_weapon"
				position="0.0, 0.0, -0.8"></Banner>
		</ItemComponent>
		<Flags
			DropOnWeaponChange="true"
			ForceAttachOffHandPrimaryItemBone="true"
			HeldInOffHand="true"
			HasToBeHeldUp="true"
			CanBePickedUpFromCorpse="false" />
	</Item>
	<Item
		id="dragon_banner_center"
		name="{=IzT8jY82}Dragon Banner First Piece"
		is_merchandise="false"
		body_name="bo_mace_a"
		recalculate_body="true"
		mesh="dragon_banner_center"
		prefab="dragon_banner_center"
		culture="Culture.empire"
		using_tableau="true"
		value="4"
		weight="0.2"
		Type="Banner"
		item_holsters="abdomen_left">
		<ItemComponent>
			<Banner
				banner_level="1"
				effect="dragon_banner_effect"
				weapon_class="Banner"
				weapon_balance="100"
				thrust_speed="78"
				speed_rating="97"
				missile_speed="0"
				weapon_length="65"
				swing_damage="6"
				swing_damage_type="Blunt"
				item_usage="torch"
				physics_material="metal_weapon"></Banner>
		</ItemComponent>
		<Flags
			DropOnWeaponChange="true"
			ForceAttachOffHandPrimaryItemBone="true"
			HeldInOffHand="true"
			HasToBeHeldUp="true"
			CanBePickedUpFromCorpse="false" />
	</Item>
	<Item
		id="dragon_banner_dragonhead"
		name="{=LVXy2C8y}Dragon Banner Second Piece"
		is_merchandise="false"
		body_name="bo_mace_a"
		recalculate_body="true"
		mesh="dragon_banner_dragonhead"
		prefab="dragon_banner_dragonhead"
		culture="Culture.empire"
		using_tableau="true"
		value="4"
		weight="0.2"
		Type="Banner"
		item_holsters="abdomen_left">
		<ItemComponent>
			<Banner
				banner_level="1"
				effect="dragon_banner_effect"
				weapon_class="Banner"
				weapon_balance="100"
				thrust_speed="78"
				speed_rating="97"
				missile_speed="0"
				weapon_length="65"
				swing_damage="6"
				swing_damage_type="Blunt"
				item_usage="torch"
				physics_material="metal_weapon"></Banner>
		</ItemComponent>
		<Flags
			DropOnWeaponChange="true"
			ForceAttachOffHandPrimaryItemBone="true"
			HeldInOffHand="true"
			HasToBeHeldUp="true"
			CanBePickedUpFromCorpse="false" />
	</Item>
	<Item
		id="dragon_banner_handle"
		name="{=PRsvWzGW}Dragon Banner Third Piece"
		is_merchandise="false"
		body_name="bo_mace_a"
		recalculate_body="true"
		mesh="dragon_banner_handle"
		prefab="dragon_banner_handle"
		culture="Culture.empire"
		using_tableau="true"
		value="4"
		weight="0.2"
		Type="Banner"
		item_holsters="abdomen_left">
		<ItemComponent>
			<Banner
				banner_level="1"
				effect="dragon_banner_effect"
				weapon_class="Banner"
				weapon_balance="100"
				thrust_speed="78"
				speed_rating="97"
				missile_speed="0"
				weapon_length="65"
				swing_damage="6"
				swing_damage_type="Blunt"
				item_usage="torch"
				physics_material="metal_weapon"></Banner>
		</ItemComponent>
		<Flags
			DropOnWeaponChange="true"
			ForceAttachOffHandPrimaryItemBone="true"
			HeldInOffHand="true"
			HasToBeHeldUp="true"
			CanBePickedUpFromCorpse="false" />
	</Item>
</Items>